Text,Type
C.A. Papaellinas,PH_ORG
Kipa,PH_ORG
Genesis,PH_ORG
Pharmaceutical Organization,PH_ORG
Proton,PH_ORG
Remedica,PH_ORG
Medochemie,PH_ORG
Pharmaceutical Trading,PH_ORG
Alector,PH_ORG
GA Stamatis,PH_ORG
Phadisco,PH_ORG
Novartis,PH_ORG
Isangen,PH_ORG
A Potamitis Medicare,PH_ORG
Costakis Tsisios,PH_ORG
Laboratoires Besins,PH_ORG
Glaxosmithkline,PH_ORG
Ioannis M Kapakiotis & Son,PH_ORG
C G Papaloisou,PH_ORG
Angelini Hellas,PH_ORG
M.S. Jacovides,PH_ORG
Varnavas Hadjipanayis,PH_ORG
Kypropharm,PH_ORG
Codal Synto,PH_ORG
Merck Sharp And Dohme,PH_ORG
Aenorasis A E,PH_ORG
Papaetis Medical,PH_ORG
The Star Medicines Importers,PH_ORG
Geo Pavlides & Araouzos,PH_ORG
Medilink,PH_ORG
Gregoris Hadjigregoriou,PH_ORG
Filomedica Trading,PH_ORG
Delorbis,PH_ORG
Sanofi Aventis,PH_ORG
P.T.Hadjigeorgiou,PH_ORG
Linde Hadjikyriakos Gas,PH_ORG
Lifepharma,PH_ORG
Innopro Healthcare,PH_ORG
Chr. K. Unimed,PH_ORG
Gidamed Medical Supplies,PH_ORG
Gilead Iences Hellas M.E.P.E,PH_ORG
Akis Panayiotou & Son,PH_ORG
Mundipharma,PH_ORG
George Petrou,PH_ORG
Iasis,PH_ORG
Novagem,PH_ORG
Andreas Nstantinides,PH_ORG
Xanthos Lyssiotis & Son,PH_ORG
Sapiens,PH_ORG
Synapsis,PH_ORG
Csl Behring,PH_ORG
Shire Hellas A.E,PH_ORG
O.S.K. Ledpharm,PH_ORG
Multi-Pharm,PH_ORG
M.S. Jacovides,PH_ORG
Cazacor Trading,PH_ORG
Theosavva,PH_ORG
Karpasia,PH_ORG
Perick Pharmacal,PH_ORG
Swedish Orphan Biovitrum,PH_ORG
Cheplapharm Arzneimittel,PH_ORG
Sanofi-Aventis,PH_ORG
Aenorasis,PH_ORG
Vogen Laboratories,PH_ORG
Croma,PH_ORG
Spectrum,PH_ORG
Venifar,PH_ORG
Takeda Ellas A.E,PH_ORG
C A Papaellinas,PH_ORG
Terix Labs,PH_ORG
Hadjiconstantinou Bros,PH_ORG
MA,PH_ORG
Lipomed,PH_ORG
Thespis,PH_ORG
Melidonia,PH_ORG
Filomedica,PH_ORG
P T Hadjigeorgiou,PH_ORG
Healthpro,PH_ORG
Cdl Pharmaceutical,PH_ORG
M K Stavrinos,PH_ORG
Kapakiotis & Papaellinas,PH_ORG
Pap Medical,PH_ORG
Cel Jianastasi Pharmaceutical,PH_ORG
Ipsen,PH_ORG
Interpak,PH_ORG
Geo. Pavlides & Araouzos,PH_ORG
Propharm,PH_ORG
Pharm. Organization,PH_ORG
T.C.Christoforou,PH_ORG
Geo. Pavlides & Araouzos,PH_ORG
Markides & Vouros,PH_ORG
Ddp Tr Tmed,PH_ORG
A.D.L. Pharmaceutical,PH_ORG
Renaissance Cryo-Preservation,PH_ORG
Fair-Med Healthcare,PH_ORG
Hi-Med,PH_ORG
Genthon Bv,PH_ORG
Aurobindo Pharma,PH_ORG
Mylan,PH_ORG
Boehringer Ingelheim Animal,PH_ORG
2Care4,PH_ORG
Astrazeneca,PH_ORG
Paranova,PH_ORG
Krka,PH_ORG
Kedrion,PH_ORG
Sandoz,PH_ORG
Lavet,PH_ORG
Roche,PH_ORG
Teva,PH_ORG
Stada Arzneimittel,PH_ORG
Gambro Lundia,PH_ORG
Accord Healthcare,PH_ORG
Orion,PH_ORG
Actavis Group C Ehf,PH_ORG
Orifarm Generics,PH_ORG
Teva,PH_ORG
Shire Pharmaceutical R,PH_ORG
Gedeon Richter,PH_ORG
Pfizer,PH_ORG
Unimedic Pharma,PH_ORG
Amgen Bv,PH_ORG
Blue Earth Diagnostics,PH_ORG
Pharmathen,PH_ORG
Intervet,PH_ORG
Meda,PH_ORG
Vetpharma Animal Health,PH_ORG
Mallinckrodt Medical,PH_ORG
Leo Pharma,PH_ORG
Amneal Pharma,PH_ORG
Medical Valley Invest,PH_ORG
Liconsa,PH_ORG
Mylan Products,PH_ORG
 Liconsa,PH_ORG
Abac Medicine,PH_ORG
Zentiva,PH_ORG
Reckitt Benckiser Healthcare,PH_ORG
Zoetis,PH_ORG
Bracco Imaging,PH_ORG
Europharma,PH_ORG
Amdipharm,PH_ORG
Hexal,PH_ORG
Aspen Trading,PH_ORG
Specialites Septodont,PH_ORG
Csl Behring,PH_ORG
Merck Sharp & Dohme,PH_ORG
Adamed,PH_ORG
Pharmaxis,PH_ORG
Laboratorio Reig Jofre,PH_ORG
Hospira Enterprises,PH_ORG
Roche,PH_ORG
Orifarm,PH_ORG
Pharmacodane,PH_ORG
Bayer,PH_ORG
Eisai,PH_ORG
Almirall,PH_ORG
B. Braun Melsungen,PH_ORG
1A Farma,PH_ORG
Seqir,PH_ORG
Ucb Pharma,PH_ORG
Eurovet Animal Health,PH_ORG
Virbac,PH_ORG
Medac,PH_ORG
Freseni Kabi Oncology,PH_ORG
Le Vet Beheer,PH_ORG
Bayer Hering Pharma,PH_ORG
Medice Arzneimittel,PH_ORG
Helm,PH_ORG
Lohmann Animal Health,PH_ORG
Novo Nordisk,PH_ORG
Eli Lilly Netherland,PH_ORG
Amgros,PH_ORG
Laboratoire Uettant,PH_ORG
Bristol-Myers Squibb,PH_ORG
Ceva Animal Health,PH_ORG
Warner Chilcott Deutschland,PH_ORG
2Care4 Generics,PH_ORG
Takeda Pharma,PH_ORG
Sv Pharma,PH_ORG
Mundipharma,PH_ORG
Sp,PH_ORG
Merial,PH_ORG
Mcneil,PH_ORG
Eurocept,PH_ORG
Octapharma,PH_ORG
Eu Generics,PH_ORG
Menarini Operation,PH_ORG
Pharmaswiss,PH_ORG
Galderma Nordic,PH_ORG
Mylan S,PH_ORG
Air Liquide E,PH_ORG
Doc Generici,PH_ORG
Samsung Bioepis,PH_ORG
Cross Vetpharm Group,PH_ORG
B. Braun Avitum,PH_ORG
Alk-Abello,PH_ORG
Chanelle Animal Health,PH_ORG
Sanofi-Aventis Groupe,PH_ORG
Sunovion,PH_ORG
Merck,PH_ORG
Macure Pharma,PH_ORG
Baxalta Innovations,PH_ORG
Exeltis Healthcare,PH_ORG
Ceva E Animale,PH_ORG
Bgp Products,PH_ORG
Janssen-Cilag,PH_ORG
Dopharma Research,PH_ORG
Boehringer Ingelheim Vetm,PH_ORG
Ipsen Pharma,PH_ORG
Gilead Iences Uc,PH_ORG
Chanelle Pharmaceutical Man,PH_ORG
Oba-Pharma,PH_ORG
H. Lundbeck,PH_ORG
Medac Gesellschaft Fur Klinische,PH_ORG
G.L. Pharma,PH_ORG
Sigillata,PH_ORG
Acino,PH_ORG
Dr. Friedrich Eberth Arzn,PH_ORG
Norbrook Laboratories,PH_ORG
Alcon Nordic,PH_ORG
Santen,PH_ORG
Neuraxpharm Arzneimittel,PH_ORG
Nanotherapeutics Bohumil,PH_ORG
Ebewe Pharma,PH_ORG
Sun Pharmaceutical,PH_ORG
Vitabalans,PH_ORG
Eli Lilly And  ,PH_ORG
Grunenthal,PH_ORG
Daiichi Sankyo,PH_ORG
Elanco,PH_ORG
Laboratoires Gerda,PH_ORG
Bayer Animal Health,PH_ORG
Bluefish,PH_ORG
Inopharm,PH_ORG
Ratiopharm,PH_ORG
Aventis Deutschland,PH_ORG
Gsk Vaccines,PH_ORG
Actelion Registration,PH_ORG
Pet & Cyklotron-Enheden,PH_ORG
Idt Biologika,PH_ORG
Hwi Services,PH_ORG
Scanvet Animal Health,PH_ORG
Singad Pharma,PH_ORG
Hospira,PH_ORG
Linde Healthcare,PH_ORG
Roche Registration,PH_ORG
Shire Services,PH_ORG
Therakos,PH_ORG
Ibsa Farmaceutici Italia,PH_ORG
Canngros,PH_ORG
Sanofi Pharma,PH_ORG
Glaxo Group,PH_ORG
Chemvet Pharma,PH_ORG
Dompe Farmaceutici,PH_ORG
Mip Pharma,PH_ORG
Meda Otc,PH_ORG
Gebro Pharma,PH_ORG
Kyowa Kirin,PH_ORG
Dr. Falk Pharma,PH_ORG
Alternova,PH_ORG
Bioglan,PH_ORG
Baxter,PH_ORG
Biocodex,PH_ORG
Win Medica,PH_ORG
Eli Lilly,PH_ORG
Biofrontera Bioscience,PH_ORG
Dechra,PH_ORG
Cnp Pharma,PH_ORG
Freseni Kabi,PH_ORG
Les Laboratoires Servier,PH_ORG
Herbert J. Passauer,PH_ORG
Generics,PH_ORG
Jubilant,PH_ORG
Celgene,PH_ORG
Eli Lilly,PH_ORG
Martindale,PH_ORG
Uni-Pharma Kleon,PH_ORG
Allergan,PH_ORG
Merck Sharp & Dohme,PH_ORG
Univet,PH_ORG
Fatro,PH_ORG
Stragen Nordic,PH_ORG
Animedica,PH_ORG
Besins Healtcare,PH_ORG
Universal Farma,PH_ORG
Weifa,PH_ORG
Synthon Bv,PH_ORG
Welding,PH_ORG
Apotex,PH_ORG
Orkla Re,PH_ORG
Merial Laboratoire Lyon Gerland,PH_ORG
Ots A Pharmaceutical,PH_ORG
N.V. Organon,PH_ORG
Mezina,PH_ORG
Sanofi Pasteur,PH_ORG
Jemo-Pharm,PH_ORG
Astellas Pharma,PH_ORG
Egis,PH_ORG
Gilead Iences,PH_ORG
Merck Serono,PH_ORG
Natur-Drogeriet,PH_ORG
Huvepharma,PH_ORG
Bene-Arzneimittel,PH_ORG
Indivior,PH_ORG
Serono,PH_ORG
Desitin Arzneimittel,PH_ORG
Laboratoire Francais Du Fract,PH_ORG
Pharmachemie,PH_ORG
Bionorica Se,PH_ORG
Ptc Therapeutics,PH_ORG
Nikkiso,PH_ORG
E A Pharma,PH_ORG
Actavis Group,PH_ORG
Nordic Prime,PH_ORG
Edmond Pharma,PH_ORG
Le Vet,PH_ORG
Animalcare,PH_ORG
Piramal Critical Re,PH_ORG
Ge Healthcare,PH_ORG
Pharbio Medical,PH_ORG
Inibsa Dental,PH_ORG
Cabot Norit Nederland,PH_ORG
Berlin-Chemie,PH_ORG
Sanofi-Aventis Deutschland,PH_ORG
Freseni Medical Re,PH_ORG
Basilea Medical,PH_ORG
 Hipra,PH_ORG
Bial - Portela,PH_ORG
Cis Bio Oris Ind,PH_ORG
Boehringer Ingelheim Int,PH_ORG
Adienne,PH_ORG
Niconovum,PH_ORG
Camette,PH_ORG
Ferrer Internacional,PH_ORG
Cipla Chanelle Generics,PH_ORG
Azanta,PH_ORG
Shire,PH_ORG
Biosyn Arzneimittel,PH_ORG
Swedish Orphan Biovitrum Interna,PH_ORG
Mylan,PH_ORG
Pierre Fabre Dermatologie,PH_ORG
Aristo Pharma,PH_ORG
J. Uriach & Cia,PH_ORG
Eco Animal Health,PH_ORG
Noden C,PH_ORG
Serumwerk Bernburg,PH_ORG
Glenmark,PH_ORG
Laboratoire Hra Pharma,PH_ORG
Farmaprojects,PH_ORG
Chiesi Farmaceutici,PH_ORG
Orphan Rl,PH_ORG
Ever Neuro Pharma,PH_ORG
Evolan Pharma,PH_ORG
Bmm Pharma,PH_ORG
Medreich,PH_ORG
Alfasan Nederland Bv,PH_ORG
Alchemia,PH_ORG
Aj Vaccines,PH_ORG
Clovis Oncology,PH_ORG
Ucb Ucb Center,PH_ORG
Brancaster Pharma,PH_ORG
Neurim,PH_ORG
Boehringer Ingelheim Vetmedica,PH_ORG
Bracco,PH_ORG
Cephalon,PH_ORG
Retrophin,PH_ORG
Daiichi Sankyo,PH_ORG
Bioforce,PH_ORG
Vetoquinol,PH_ORG
Abbvie,PH_ORG
Villerton Invest,PH_ORG
Merial S,PH_ORG
Virbac De - Laboratorio,PH_ORG
Freseni,PH_ORG
Cp-Pharma Handelsgesellschaft,PH_ORG
Alkopharma Rl,PH_ORG
Guerbet,PH_ORG
Vipharm,PH_ORG
Proveca,PH_ORG
Elanco Animal Health,PH_ORG
Merz Aa,PH_ORG
Aristo Iberia,PH_ORG
Tiofarma,PH_ORG
Pharmaceutical Works,PH_ORG
Aventis Pharma,PH_ORG
Innovis Pharma,PH_ORG
Hameln Pl,PH_ORG
Gmp-Orphan,PH_ORG
Clinigen Healthcare,PH_ORG
Vetoquinol Andinavia,PH_ORG
Dsm Sinochem,PH_ORG
Chemo Iberica,PH_ORG
Bedrocan,PH_ORG
Pharmanovo,PH_ORG
Stenocare,PH_ORG
S.A.L.F,PH_ORG
Steba Biotech,PH_ORG
Global Vet Health,PH_ORG
Pharmascience,PH_ORG
Bela-Pharm,PH_ORG
Schwarz,PH_ORG
Merz,PH_ORG
Galpharm,PH_ORG
Blue Bio,PH_ORG
Ind Trial,PH_ORG
Double-E,PH_ORG
Aliud,PH_ORG
Chemische,PH_ORG
Canntr T,PH_ORG
Generic Partners,PH_ORG
Life Medical,PH_ORG
Tillotts,PH_ORG
Stiefel,PH_ORG
Panpharma,PH_ORG
Avimedical,PH_ORG
Aco Hud Nordic,PH_ORG
Smithkline Beecham,PH_ORG
Glenmark,PH_ORG
Splendris,PH_ORG
Pierre Fabre,PH_ORG
Pensa,PH_ORG
Sanquin,PH_ORG
Richter,PH_ORG
Viiv,PH_ORG
Himmerlands Grovvarer,PH_ORG
Padma,PH_ORG
Elc Group S.R.O,PH_ORG
Xellia,PH_ORG
Omega,PH_ORG
Vetcare,PH_ORG
Orkla Health,PH_ORG
Nordic Drugs,PH_ORG
Shire,PH_ORG
Dune Medicare,PH_ORG
Merck,PH_ORG
Dr. Kade,PH_ORG
Genzyme,PH_ORG
Intercept Pharma,PH_ORG
Alvogen Operations,PH_ORG
Sunstar,PH_ORG
Pilum Pharma,PH_ORG
Ammtek,PH_ORG
 Dr. Esteve,PH_ORG
L. Molteni & C.,PH_ORG
Divasa-Farmavic,PH_ORG
Rovi,PH_ORG
Protina,PH_ORG
Schering-Plough,PH_ORG
Chanelle,PH_ORG
Medilink,PH_ORG
Zaktady,PH_ORG
Monrol,PH_ORG
Aurum,PH_ORG
Klinge,PH_ORG
Mibe Arzneimittel,PH_ORG
Tiefenbacher,PH_ORG
Chemvet,PH_ORG
Grunenthal,PH_ORG
Biogen Idec,PH_ORG
Aegerion,PH_ORG
Topridge,PH_ORG
Heaton,PH_ORG
Labochem,PH_ORG
Alfasan,PH_ORG
Infai,PH_ORG
Praxair Andinavia,PH_ORG
SP,PH_ORG
Biogaran,PH_ORG
Mediwound,PH_ORG
Alapis,PH_ORG
Gap,PH_ORG
Marklas Nederlands,PH_ORG
Pierre Fabre,PH_ORG
Schering,PH_ORG
Thea,PH_ORG
Bimeda,PH_ORG
Gp-Pharm,PH_ORG
Vital,PH_ORG
Pharmanovia,PH_ORG
Galenpharma,PH_ORG
Abcur,PH_ORG
Biopartners,PH_ORG
Biovet,PH_ORG
United Vaccines,PH_ORG
Solufarma,PH_ORG
Medochemie,PH_ORG
Poa Pharma,PH_ORG
Sanofi,PH_ORG
Boehringer Ingelheim ,PH_ORG
Incyte Biosciences,PH_ORG
Recordati,PH_ORG
Britannia,PH_ORG
Bayer,PH_ORG
Newline,PH_ORG
Techdow,PH_ORG
Mer Labs Luxco R.L,PH_ORG
Axell,PH_ORG
Nordic Group,PH_ORG
Nexcyon,PH_ORG
Hor,PH_ORG
Glenmark Arzneimittel,PH_ORG
Stravencon,PH_ORG
Pharmaq,PH_ORG
Amic,PH_ORG
Polpharma,PH_ORG
Aga,PH_ORG
Dany Bienenwohl,PH_ORG
Lucane,PH_ORG
Chanelle,PH_ORG
Dne,PH_ORG
Techdow,PH_ORG
Mendelikabs,PH_ORG
Medana,PH_ORG
Tad,PH_ORG
Chemi,PH_ORG
1A,PH_ORG
Internis,PH_ORG
Synthese,PH_ORG
Celltrion,PH_ORG
Lidco,PH_ORG
Abbvie,PH_ORG
Specifar,PH_ORG
Janssen,PH_ORG
Norgine,PH_ORG
Qilu,PH_ORG
Veyx,PH_ORG
Pharmswed,PH_ORG
Noridem,PH_ORG
Medochemie,PH_ORG
Scanpharm,PH_ORG
Norton,PH_ORG
Nanotherapeutics,PH_ORG
Salfarm,PH_ORG
Laboratorios,PH_ORG
Medlite,PH_ORG
Ceva-Phylaxia,PH_ORG
Difa Oper,PH_ORG
Shield Tx,PH_ORG
Sparkle,PH_ORG
Denk,PH_ORG
Diurnal,PH_ORG
Eql,PH_ORG
Sandoz,PH_ORG
Abz,PH_ORG
Ever Valinject,PH_ORG
Biopha,PH_ORG
Jenson,PH_ORG
Besins,PH_ORG
Bioq,PH_ORG
Takeda,PH_ORG
Alfamed,PH_ORG
Biolitec,PH_ORG
Casen,PH_ORG
Msd,PH_ORG
Ucb,PH_ORG
Ots A.,PH_ORG
Vale,PH_ORG
Besins,PH_ORG
Ots A.,PH_ORG
Aurovitas,PH_ORG
Pharming Group N.V,PH_ORG
Bioprojet,PH_ORG
Allergan,PH_ORG
GL,PH_ORG
Nordmedica,PH_ORG
Chanelle,PH_ORG
Sintetica,PH_ORG
Bayer,PH_ORG
Ferring,PH_ORG
Amomed,PH_ORG
The Medicines  ,PH_ORG
Lavipharm,PH_ORG
Freseni Kabi,PH_ORG
Omnivision,PH_ORG
Lvat,PH_ORG
Uab Sicor,PH_ORG
Pharmacosmos,PH_ORG
Impax,PH_ORG
Dechra,PH_ORG
Trimb,PH_ORG
Lanthe,PH_ORG
Gentium A.,PH_ORG
Vepidan,PH_ORG
Dr. Gerhard Mann,PH_ORG
RPH,PH_ORG
Radiopharmacy,PH_ORG
LFB,PH_ORG
Christers,PH_ORG
Valneva,PH_ORG
Aastrom,PH_ORG
Pharmaxim,PH_ORG
Biomarin,PH_ORG
Reckitt Benckiser,PH_ORG
Incline,PH_ORG
Vertex,PH_ORG
Torbet,PH_ORG
Vifor,PH_ORG
Maymo,PH_ORG
Consilient Health,PH_ORG
Ecuphar,PH_ORG
Dopharma,PH_ORG
Nord,PH_ORG
Neogen N.V,PH_ORG
Alvetra U. Wefft,PH_ORG
Bristol,PH_ORG
Ethypharm,PH_ORG
Renapharma,PH_ORG
Bayer - Leverk,PH_ORG
Teva,PH_ORG
Eckert & Ziegler,PH_ORG
Bio Products,PH_ORG
Karo,PH_ORG
Clear Eyes,PH_ORG
CD,PH_ORG
Seacross,PH_ORG
Alfasigma,PH_ORG
Emdoka,PH_ORG
Menarini,PH_ORG
Lime,PH_ORG
Archimedes,PH_ORG
Dr. Friedrich Eberth,PH_ORG
Matrix,PH_ORG
As Grindeks,PH_ORG
Dipharma,PH_ORG
Ophtha,PH_ORG
Eumedica N.V./S.A,PH_ORG
CTI,PH_ORG
Ceva,PH_ORG
IBA,PH_ORG
Ecuphar,PH_ORG
Rowex,PH_ORG
Siegfried Hameln,PH_ORG
Galderma,PH_ORG
Photonamic,PH_ORG
Polichem,PH_ORG
Dentsply Detrey,PH_ORG
Atnahs,PH_ORG
Shire,PH_ORG
Farco,PH_ORG
Omrix Biopharmaceuticals,PH_ORG
Elpen,PH_ORG
Cipla,PH_ORG
Orpha,PH_ORG
Unigene,PH_ORG
E.A.,PH_ORG
Opk,PH_ORG
Hetero,PH_ORG
AOP Orphan,PH_ORG
Neo,PH_ORG
Anpharm,PH_ORG
Endoceutics,PH_ORG
Alliance,PH_ORG
Beevital,PH_ORG
Genera,PH_ORG
Jurox,PH_ORG
Helsinn Birex,PH_ORG
Paxvax,PH_ORG
Molteni,PH_ORG
Ecolab,PH_ORG
Ab Ience,PH_ORG
Aventis Pasteur,PH_ORG
Intas,PH_ORG
Infirst,PH_ORG
Baxter,PH_ORG
Fertin,PH_ORG
Strides Arcolab,PH_ORG
Cardiome,PH_ORG
Vetrepharm,PH_ORG
S-P Veterinary,PH_ORG
Mcm Vaccine,PH_ORG
Biotest,PH_ORG
Vectans,PH_ORG
Leo,PH_ORG
Genzyme,PH_ORG
Nova,PH_ORG
Keryx ,PH_ORG
Galenica,PH_ORG
Teofarma,PH_ORG
IPCA,PH_ORG
CTRS,PH_ORG
Hennig Arzneimittel,PH_ORG
Bavarian,PH_ORG
GW,PH_ORG
Ranbaxy,PH_ORG
Pari,PH_ORG
Ba Ch & Lomb,PH_ORG
Smartpractice,PH_ORG
IWA,PH_ORG
Epionpharma,PH_ORG
Medtronic Biopharma,PH_ORG
Bioprojet,PH_ORG
Hospira,PH_ORG
Shionogi,PH_ORG
Vifor Freseni,PH_ORG
Shire,PH_ORG
Zambon,PH_ORG
Uab Norameda,PH_ORG
Biocryst,PH_ORG
Hcs,PH_ORG
Vanda ,PH_ORG
Laborartorios Karizoo,PH_ORG
Equimed,PH_ORG
Beiersdorf,PH_ORG
Scandpharm,PH_ORG
Claris,PH_ORG
Instituto Grifols,PH_ORG
Epicept,PH_ORG
Mg,PH_ORG
Labiana,PH_ORG
Santhera ,PH_ORG
Essential,PH_ORG
Narodowe,PH_ORG
Clinuvel,PH_ORG
Dolorgiet,PH_ORG
Akcea,PH_ORG
Nuron,PH_ORG
Mar,PH_ORG
Aziende,PH_ORG
Orexigen,PH_ORG
Substipharm,PH_ORG
Servier,PH_ORG
Co. Don,PH_ORG
Lier,PH_ORG
Kela,PH_ORG
Life Radiopharma,PH_ORG
Agepha S.R.O,PH_ORG
Nicobrand,PH_ORG
Nycomed,PH_ORG
Florealis,PH_ORG
Sports,PH_ORG
S.F. Group,PH_ORG
Far Der,PH_ORG
Animedica Herstellungs,PH_ORG
Addmedica,PH_ORG
Colgate Palmolive,PH_ORG
Vianex,PH_ORG
Aventis Pasteur,PH_ORG
CZ,PH_ORG
Wyeth,PH_ORG
Infectopharm,PH_ORG
Keocyt,PH_ORG
Arthropharm,PH_ORG
Grifols,PH_ORG
Lorien,PH_ORG
Franklin ,PH_ORG
Gxmed,PH_ORG
Arrow Generiques,PH_ORG
Tesaro,PH_ORG
Unimedic,PH_ORG
Avansor,PH_ORG
Bimeda,PH_ORG
Serum-Werk Bernburg,PH_ORG
Mftindehaver,PH_ORG
Provepharm,PH_ORG
Panmedica,PH_ORG
Intracare,PH_ORG
Gen-Orph,PH_ORG
Camp Pharma,PH_ORG
Endo Ventures,PH_ORG
Williams & Halls,PH_ORG
Dolorgiet Arzneimittel,PH_ORG
Br Chettini,PH_ORG
Bradex,PH_ORG
Alexion,PH_ORG
Unither ,PH_ORG
Amryt,PH_ORG
Shire-Movetis,PH_ORG
Sanofi Clir,PH_ORG
Shin Poong,PH_ORG
Juta,PH_ORG
Leadiant,PH_ORG
Hubner Naturarzneimittel,PH_ORG
Chiesi ,PH_ORG
T.J. Smith & Nephew,PH_ORG
Galen,PH_ORG
Teva,PH_ORG
Rafarm,PH_ORG
Midsona,PH_ORG
Medi,PH_ORG
SMB,PH_ORG
Jensonr+,PH_ORG
Pharma-Skan,PH_ORG
G. Pohl-Boskamp,PH_ORG
Betapharm Arzneimittel,PH_ORG
Biokema Talt,PH_ORG
Eg Labo,PH_ORG
I.D.B.,PH_ORG
Puma,PH_ORG
Piramal,PH_ORG
Mercury ,PH_ORG
Sanofi-Synthelabo,PH_ORG
Dentsply,PH_ORG
Pascoe,PH_ORG
Roche,PH_ORG
Medipha,PH_ORG
Veto,PH_ORG
Alvogen Ipco,PH_ORG
Herlev,PH_ORG
Morningside,PH_ORG
Copyfarm,PH_ORG
Genepharm,PH_ORG
Hevesy,PH_ORG
Molmed A.,PH_ORG
Vian,PH_ORG
Mitsubishi,PH_ORG
Kibion,PH_ORG
Prevtec,PH_ORG
Iron4U,PH_ORG
Talecris Biotherapeutics,PH_ORG
Rotop,PH_ORG
Thrombogenics,PH_ORG
Amersham,PH_ORG
Chiesi Orphan,PH_ORG
Vita,PH_ORG
Kinedexe,PH_ORG
Karizoo,PH_ORG
Ire-Elit,PH_ORG
Alimera Iences,PH_ORG
Omeros London,PH_ORG
Takeda,PH_ORG
Photocure,PH_ORG
Haemato,PH_ORG
Temmler,PH_ORG
Sanofi-Aventis,PH_ORG
Italfarmaco,PH_ORG
Almirall Hermal,PH_ORG
Ferdinand Eimermacher,PH_ORG
Horizon,PH_ORG
Rapidscan,PH_ORG
Medis,PH_ORG
Cheplapharm Azneimittel,PH_ORG
Schaper & Brummer,PH_ORG
Jazz ,PH_ORG
Biovet Joint Stock  ,PH_ORG
Amring R.L.,PH_ORG
Dr. Loges,PH_ORG
Odense,PH_ORG
Pharmsure,PH_ORG
Leti,PH_ORG
Linepharma,PH_ORG
Disphar,PH_ORG
Cyclomedica,PH_ORG
Obvi,PH_ORG
Hikma,PH_ORG
Filavie,PH_ORG
Sensidose,PH_ORG
Therakind,PH_ORG
Nordicinfu,PH_ORG
Synthon ,PH_ORG
Soho Flordis,PH_ORG
Bio-Diat Berlin,PH_ORG
Alkaloid,PH_ORG
Nutra Essential,PH_ORG
Pet-Centret,PH_ORG
Actavis Nordic,PH_ORG
Genericon,PH_ORG
B. Braun,PH_ORG
Ebbott Xelskeya,PH_ORG
Sinton,PH_ORG
Yunifarm,PH_ORG
Sandoz,PH_ORG
Glaxosmithkline,PH_ORG
Qlakso,PH_ORG
Bayer,PH_ORG
Mada,PH_ORG
Egis,PH_ORG
Nijfarm,PH_ORG
Biologise Heilmitel,PH_ORG
Farmaprim,PH_ORG
Brufarmeksport,PH_ORG
Gedeon Rixter,PH_ORG
Glaxosmithkline,PH_ORG
Qrindeks,PH_ORG
Kocak,PH_ORG
Balkanfarma-Dupnitsa,PH_ORG
Icn Polfa Rzezov,PH_ORG
Farmak,PH_ORG
Fayzer,PH_ORG
Kanonfarma,PH_ORG
Ferrinq,PH_ORG
Ferrinq,PH_ORG
Berlin-Xemi,PH_ORG
Alkon,PH_ORG
Sanofi - Paster,PH_ORG
Qrindeks,PH_ORG
Faes,PH_ORG
Vitoria,PH_ORG
Likonza,PH_ORG
Farmakler,PH_ORG
Yuriya,PH_ORG
Heksal,PH_ORG
Abl Antibiotikos,PH_ORG
Polisan,PH_ORG
Eim Eskom,PH_ORG
Artesan,PH_ORG
Dr. Lazar,PH_ORG
Gedeon Rixter,PH_ORG
Glaxosmithkline,PH_ORG
Glaxosmithkline,PH_ORG
Glaxo,PH_ORG
Lichtenheldt,PH_ORG
Alfa Vasserman,PH_ORG
Ros Diaqnostik,PH_ORG
Ems,PH_ORG
Teragen Eteks,PH_ORG
Glaxo,PH_ORG
Farmaprim,PH_ORG
Help,PH_ORG
Farmaselekt,PH_ORG
Idol Ilac,PH_ORG
Doppel,PH_ORG
Kasasko,PH_ORG
Livzon,PH_ORG
Kocak,PH_ORG
Yunik,PH_ORG
Spesifar,PH_ORG
Idol Ilac Dolum,PH_ORG
Sofarma,PH_ORG
Tai G.,PH_ORG
Ebeve,PH_ORG
Orion,PH_ORG
Natur,PH_ORG
Amoun,PH_ORG
Gedeon Rixter,PH_ORG
Sandoz,PH_ORG
Farmaten,PH_ORG
E.I.P.I.,PH_ORG
Yunifarm,PH_ORG
Bial-Portela,PH_ORG
Zdorovye Narodu,PH_ORG
Furnye,PH_ORG
Santa,PH_ORG
Kern,PH_ORG
Lupin,PH_ORG
Engelhard Arzneimittel,PH_ORG
Sid,PH_ORG
S.C. Romfarm,PH_ORG
Ursafarm,PH_ORG
Nobel Ilac,PH_ORG
Mision,PH_ORG
ABC,PH_ORG
Ekofarmpl,PH_ORG
Mefar,PH_ORG
Pyer Fabre,PH_ORG
Apoteks,PH_ORG
Texnoloq,PH_ORG
Ems Iya,PH_ORG
Instituto De Angeli,PH_ORG
Tai G.,PH_ORG
Merkez,PH_ORG
Normon,PH_ORG
Bilim,PH_ORG
Qlakso Velkom,PH_ORG
Kocak,PH_ORG
Jeil,PH_ORG
Bluefarma,PH_ORG
Ebeve,PH_ORG
Aqrofarm,PH_ORG
Rommers,PH_ORG
Mefar,PH_ORG
E.I.P.I.,PH_ORG
Layn,PH_ORG
Trayplfarm,PH_ORG
Aktavis,PH_ORG
Lilli,PH_ORG
Bioximik,PH_ORG
UCB,PH_ORG
Nekstfarma,PH_ORG
Farmaklon,PH_ORG
Sanovel,PH_ORG
Deva,PH_ORG
Kleon Tsetis,PH_ORG
Marbiofarm,PH_ORG
Merkle,PH_ORG
Teva,PH_ORG
Farmaxemi,PH_ORG
Hameln,PH_ORG
Deko,PH_ORG
Vuhan Humanvell,PH_ORG
Teva,PH_ORG
Rixard Bittner,PH_ORG
Oktafarma,PH_ORG
Istituto De Angeli,PH_ORG
Esseti,PH_ORG
Asino Farma,PH_ORG
R.P. Serer,PH_ORG
Replek,PH_ORG
Sinfa,PH_ORG
Pliva,PH_ORG
Teva,PH_ORG
Lekxim - Xarkov,PH_ORG
Lekxim,PH_ORG
Lesvi,PH_ORG
Munir Hin,PH_ORG
Farmfirma Soteks,PH_ORG
Ncpc Hebei Huamin,PH_ORG
Menarini - Von Heyden,PH_ORG
Vem,PH_ORG
Samik Farm,PH_ORG
Selltrion,PH_ORG
Sediko,PH_ORG
Sanofi,PH_ORG
Atabay,PH_ORG
Mefar,PH_ORG
Veyz  ,PH_ORG
Sa Kon Kuvre N.V,PH_ORG
Gemi,PH_ORG
Valenta,PH_ORG
Berko,PH_ORG
Ali Raif,PH_ORG
S.A. Kon Kuvre,PH_ORG
Sigma,PH_ORG
Layn,PH_ORG
Sefak,PH_ORG
Dr.Gerxard Mann,PH_ORG
Akrixin,PH_ORG
Vitrofarma,PH_ORG
Yuriya,PH_ORG
Lesvi,PH_ORG
Biofarma,PH_ORG
Berlimed,PH_ORG
Abdi Ibrahim,PH_ORG
Biofarma  ,PH_ORG
Replek,PH_ORG
Nijfarm,PH_ORG
Roche,PH_ORG
Sofarimeks,PH_ORG
Besins,PH_ORG
Mitim,PH_ORG
Edol,PH_ORG
Abaris,PH_ORG
Lisapharma,PH_ORG
Takeda Nikomed,PH_ORG
Famar Orleans,PH_ORG
Rubikon,PH_ORG
Glaxo,PH_ORG
Rubie,PH_ORG
Demo,PH_ORG
Trima,PH_ORG
Rekitt Benkizer,PH_ORG
Indar Insulin,PH_ORG
Fdum,PH_ORG
Rivopharm,PH_ORG
Farmstandart,PH_ORG
Ratnamani Healthcare,PH_ORG
Vetprom,PH_ORG
Glaxosmithkline,PH_ORG
World Medicine,PH_ORG
Mefar,PH_ORG
Fitofarm,PH_ORG
Biotest,PH_ORG
Makiz,PH_ORG
Ind Trias,PH_ORG
Abdi Ibrahim,PH_ORG
Toprak,PH_ORG
Bayer,PH_ORG
Deltamedica,PH_ORG
Tatximfarmpreparati,PH_ORG
S.C. Antibiotice,PH_ORG
Mecnikov,PH_ORG
Famar Leql,PH_ORG
S.C. Arena,PH_ORG
Alkon - Kovreur,PH_ORG
Panfarma,PH_ORG
GM,PH_ORG
Haupt,PH_ORG
Abdi Ibrahim,PH_ORG
Mirall,PH_ORG
Macleods ,PH_ORG
Adifarm,PH_ORG
Verofarm,PH_ORG
Salutas,PH_ORG
Haupt,PH_ORG
Fitofarmisc,PH_ORG
S.C. Arena,PH_ORG
Balkanfarma,PH_ORG
Bofur Ipsen,PH_ORG
Ozon,PH_ORG
Lek,PH_ORG
Pro. Med. Cs,PH_ORG
Draqenofarm,PH_ORG
S.C. Terapia,PH_ORG
Sinthon,PH_ORG
Medoxemi,PH_ORG
Ind Triya,PH_ORG
RNP,PH_ORG
Freseni Kabi,PH_ORG
Vem ,PH_ORG
Yanssen - Silaq,PH_ORG
Bioind Tria,PH_ORG
Farmproyekt,PH_ORG
Sph Liaoning Herbapeks,PH_ORG
Mainlun,PH_ORG
Sc Yadran Qalenskiy,PH_ORG
Makneil,PH_ORG
Biokodeks,PH_ORG
Stada Arzneymittel,PH_ORG
Cazira,PH_ORG
Abdi Ibrahim ,PH_ORG
Biotika,PH_ORG
JV,PH_ORG
Upsa,PH_ORG
Vold  ,PH_ORG
Samson,PH_ORG
Lumi ,PH_ORG
Altayvitamini,PH_ORG
Sofarimeks,PH_ORG
Temmler Verke,PH_ORG
Pateon  ,PH_ORG
Gerofarm ,PH_ORG
Avva,PH_ORG
Natur,PH_ORG
SC Olaynfarm,PH_ORG
Niko ,PH_ORG
Merck,PH_ORG
Dong - A,PH_ORG
Fayzer,PH_ORG
Deko,PH_ORG
Ardeyfarm,PH_ORG
Amoun,PH_ORG
Temmler,PH_ORG
Tubilux,PH_ORG
Astellas,PH_ORG
Pro. Med. Cs,PH_ORG
B. Braun,PH_ORG
Novosibximfarm,PH_ORG
Innotera Kuzi,PH_ORG
Labofarm,PH_ORG
F. Hoffmann,PH_ORG
N.V. Organon,PH_ORG
Takeda,PH_ORG
Nij,PH_ORG
Vijn,PH_ORG
Ben - Simon Floris,PH_ORG
SC Rompharm  ,PH_ORG
Remedika,PH_ORG
Prodakts ,PH_ORG
H. Lunbek,PH_ORG
Pro. Med. Cs.,PH_ORG
Genfarma,PH_ORG
Rubiefarm Arzneimittel,PH_ORG
Cester,PH_ORG
Serra Pamies,PH_ORG
Ciyesi,PH_ORG
Anfarm,PH_ORG
Bristol - Mayers Squibb,PH_ORG
Hemofarma,PH_ORG
Tubily S.,PH_ORG
Glaxo,PH_ORG
Lesvi,PH_ORG
Sell,PH_ORG
Glaxosmithkline,PH_ORG
Farmasiya Martin,PH_ORG
Piramal,PH_ORG
TTY,PH_ORG
Eif Mikroxim ,PH_ORG
Bsv Biosayns,PH_ORG
Novell,PH_ORG
Genericon,PH_ORG
Isorad,PH_ORG
Esseti,PH_ORG
Glaxosmithkline,PH_ORG
Br. Kettini,PH_ORG
Merk Serono,PH_ORG
Farmstandart - Tomskximfarm,PH_ORG
Cisen ,PH_ORG
Lekfarm,PH_ORG
Hemofarm,PH_ORG
Santha Biotexniks,PH_ORG
Napi,PH_ORG
La. Fa. Re.,PH_ORG
Jofre,PH_ORG
Drogsan  ,PH_ORG
Galenika,PH_ORG
Valfarma,PH_ORG
Egis,PH_ORG
Cls Behring,PH_ORG
Delfarm Huningue,PH_ORG
ABC,PH_ORG
Bakster Onkoloci,PH_ORG
Trayplfarm,PH_ORG
Biofarm,PH_ORG
Romfarm,PH_ORG
Rekordati,PH_ORG
Divapharma,PH_ORG
Farmasayns  ,PH_ORG
Divafarma,PH_ORG
Sicyuan Yuanda Suyan ,PH_ORG
3M Espe,PH_ORG
S.C. Terapia,PH_ORG
Arliko ,PH_ORG
Inibsa,PH_ORG
Abdi Ibrahim  ,PH_ORG
Neofarma,PH_ORG
Ilko,PH_ORG
Neutek,PH_ORG
Doppel,PH_ORG
Valenta,PH_ORG
Galderma,PH_ORG
Rekordati ,PH_ORG
Farmatis,PH_ORG
Roteksmedika,PH_ORG
Hemofarm ,PH_ORG
Ellara ,PH_ORG
Alkon Resorc,PH_ORG
Le Laboratuar Servye,PH_ORG
Servye Indastries,PH_ORG
Olaynfarm,PH_ORG
Mefar,PH_ORG
Besins,PH_ORG
Lubnifarm,PH_ORG
Rekit Benziker Helskeya,PH_ORG
Ilko,PH_ORG
Dragenofarm,PH_ORG
Solufarm,PH_ORG
Ist - Farm ,PH_ORG
Aerofarm,PH_ORG
Famar,PH_ORG
Ebeve,PH_ORG
Oktafarma,PH_ORG
Oktafarma,PH_ORG
Do - Union,PH_ORG
Minskinterkaps,PH_ORG
Medana,PH_ORG
Katalent,PH_ORG
Investi,PH_ORG
Hospira,PH_ORG
Lmp ,PH_ORG
ASC Biosintez,PH_ORG
3M Health,PH_ORG
Sanofi,PH_ORG
Polpharma,PH_ORG
Rum Belmedpreparati,PH_ORG
Farmfirma Soteks,PH_ORG
Paket-Sase,PH_ORG
Abdi Ibrahim,PH_ORG
Macleods,PH_ORG
Eis Materiya,PH_ORG
Exeltis,PH_ORG
Lekxim - Xarkov,PH_ORG
Egis,PH_ORG
Seneksi,PH_ORG
Astellas,PH_ORG
Biosintez,PH_ORG
Cetinkaya,PH_ORG
Pik,PH_ORG
Makleods,PH_ORG
GP Grenzah,PH_ORG
Unichem,PH_ORG
Fakta,PH_ORG
Embil,PH_ORG
AJU,PH_ORG
Grunental,PH_ORG
Yanssen Silaq,PH_ORG
Glaxo,PH_ORG
Aktavis,PH_ORG
A. Menarini,PH_ORG
Pharmactive,PH_ORG
S.C. Larofarm,PH_ORG
S.C. Ndoz,PH_ORG
Serinq-Plau Labo,PH_ORG
Delfarm Gailard,PH_ORG
Merkez,PH_ORG
Beringer Ingelheim,PH_ORG
Beringer Ingelheim,PH_ORG
Fa. Dem.,PH_ORG
Tolmar  ,PH_ORG
Deva,PH_ORG
Fakta,PH_ORG
Ifar,PH_ORG
Farmaten S. A.,PH_ORG
Idol,PH_ORG
Flumed,PH_ORG
Yadran - Galenski,PH_ORG
Sofarma,PH_ORG
Glaxo,PH_ORG
ABC,PH_ORG
Kalifar,PH_ORG
Yanssen,PH_ORG
Plazma ,PH_ORG
Infuziya XSC,PH_ORG
Catalent Eberbach,PH_ORG
Halicfarm,PH_ORG
Farmaktiv,PH_ORG
Merck,PH_ORG
Sering - Plau Labo,PH_ORG
Volga,PH_ORG
Zentiva K.S,PH_ORG
Roemmers I.C.F,PH_ORG
Generfarma,PH_ORG
Idol,PH_ORG
Advance,PH_ORG
Aziyende,PH_ORG
Doppel,PH_ORG
Fayzer,PH_ORG
Famar,PH_ORG
Osot Inter,PH_ORG
Solufarm,PH_ORG
Glaxosmithkline,PH_ORG
Merz,PH_ORG
ABC,PH_ORG
Glaxo,PH_ORG
Yanssen ,PH_ORG
Fisiofarma,PH_ORG
Santa,PH_ORG
Lekfarm,PH_ORG
Tafa Nevzat,PH_ORG
Balkanfarma,PH_ORG
Glaxo,PH_ORG
Mega LifeScience,PH_ORG
Mega LifeScience,PH_ORG
Ajanta,PH_ORG
G.L. Farma,PH_ORG
Bayer,PH_ORG
E.I.P.I,PH_ORG
Arafarma,PH_ORG
Balkanfarma,PH_ORG
Aflofarm,PH_ORG
Zio - Zdorovye,PH_ORG
Aziende,PH_ORG
Aziyende,PH_ORG
Zentiva Glik Urunleri  ,PH_ORG
Tafa Nevzat,PH_ORG
F. Hoffman,PH_ORG
Farmaktiv ,PH_ORG
BBT Biotex,PH_ORG
Fournier,PH_ORG
ROS,PH_ORG
OSC,PH_ORG
Generikon,PH_ORG
Isc Farmak,PH_ORG
 Lesvi,PH_ORG
Marcyrl,PH_ORG
Farma Vision,PH_ORG
Donkvang,PH_ORG
Heilmittel Heel,PH_ORG
Ilko ,PH_ORG
Myungmoon,PH_ORG
Novell,PH_ORG
Novell,PH_ORG
Ali Raif,PH_ORG
Delfarm Reims,PH_ORG
Beringer Ingelheim,PH_ORG
Takeda ,PH_ORG
Merck,PH_ORG
Montavit,PH_ORG
Biokad,PH_ORG
Heilmittel Heel,PH_ORG
Meda,PH_ORG
Pharmaten,PH_ORG
Biofarma,PH_ORG
Bryufarmeksport,PH_ORG
Ferrer,PH_ORG
Ternofarm ,PH_ORG
Sophartex,PH_ORG
Teva,PH_ORG
Trb,PH_ORG
Lilli Frans,PH_ORG
Atral,PH_ORG
Eli Lilly,PH_ORG
Kooper,PH_ORG
Lilli Fransa,PH_ORG
Alkon - Kuvre,PH_ORG
Aspen,PH_ORG
Halicfarm,PH_ORG
Kiyevmedpreparat,PH_ORG
Delpharm Gaillard,PH_ORG
Rottendorf,PH_ORG
Eis Materia,PH_ORG
Zentiva,PH_ORG
Prayvet,PH_ORG
Remedika ,PH_ORG
Oktafarma,PH_ORG
Legacy,PH_ORG
Takeda,PH_ORG
Actavis,PH_ORG
Eysika,PH_ORG
Generikon,PH_ORG
Lek,PH_ORG
Kiyevmedpreparat,PH_ORG
Aju,PH_ORG
Eksir ,PH_ORG
Farmigea,PH_ORG
Kolmar,PH_ORG
C.T.S.R.L,PH_ORG
Kooper,PH_ORG
Mifarm,PH_ORG
Ayrofarm,PH_ORG
Farmstandart - Ufavita,PH_ORG
Tria Quimica,PH_ORG
Ilko,PH_ORG
Aesika Inboro,PH_ORG
Ebbott,PH_ORG
Mefar,PH_ORG
Innovas ,PH_ORG
Xinoin,PH_ORG
Hoffmann,PH_ORG
Merkl,PH_ORG
Glaxosmithkline,PH_ORG
Glaxosmithkline,PH_ORG
Idol,PH_ORG
Aesika,PH_ORG
Ebbott,PH_ORG
Farmakosmos,PH_ORG
Valenta,PH_ORG
Arzneimittel Putter,PH_ORG
Biofarm ,PH_ORG
Galderma,PH_ORG
Generikon,PH_ORG
Lizafarma,PH_ORG
A. Menarini,PH_ORG
Italfarmako,PH_ORG
Talent,PH_ORG
Basi,PH_ORG
Novarts,PH_ORG
S.C. Bioeel,PH_ORG
Alkon - Kuvre,PH_ORG
Eqis,PH_ORG
Lyophilized,PH_ORG
Adelko - Xromatourgia,PH_ORG
Stulln,PH_ORG
Aerosol,PH_ORG
Sanoxemiya,PH_ORG
H. Lundbeck,PH_ORG
 Leon,PH_ORG
Hermes Arzneimittel,PH_ORG
Powder - Avis,PH_ORG
Emkur,PH_ORG
Glaxosmithkline,PH_ORG
Herbapol ,PH_ORG
Polfarma,PH_ORG
Etifarm,PH_ORG
Hikma,PH_ORG
S.C. Romfarm,PH_ORG
Munir Hin,PH_ORG
Astellas,PH_ORG
Osot,PH_ORG
Lekfarm,PH_ORG
Farmeks,PH_ORG
Uni - Farma,PH_ORG
Koreya,PH_ORG
Vefa,PH_ORG
Elpen ,PH_ORG
Sandoz,PH_ORG
Jeil,PH_ORG
Hospira,PH_ORG
Myungmun,PH_ORG
Munir Hin,PH_ORG
Rottendorf,PH_ORG
Polfarmex,PH_ORG
Pekana Naturheilmittel,PH_ORG
Dentinox,PH_ORG
Kvizda,PH_ORG
Bsp,PH_ORG
Allergan,PH_ORG
Biosid,PH_ORG
Sance,PH_ORG
San,PH_ORG
San,PH_ORG
Idol,PH_ORG
Veyz,PH_ORG
Sinton,PH_ORG
Ver,PH_ORG
Simbiofarm,PH_ORG
Bakster,PH_ORG
Effik,PH_ORG
Bionorika,PH_ORG
QSC,PH_ORG
Katalent Svidon Zidis,PH_ORG
Prokaps,PH_ORG
Fayzer,PH_ORG
Sinton,PH_ORG
Seneksi,PH_ORG
Dalim,PH_ORG
Biotest,PH_ORG
Pliva,PH_ORG
Polfarmeks,PH_ORG
Sipla,PH_ORG
Steigervald Arzneimittelverk,PH_ORG
Polifarm,PH_ORG
Rekit,PH_ORG
Idt Biolocika,PH_ORG
Takeda,PH_ORG
Draqenofarm,PH_ORG
Glaxosmithkline,PH_ORG
Eva,PH_ORG
Ferrer,PH_ORG
Glaxo ,PH_ORG
Freseni Kabi,PH_ORG
Flumed,PH_ORG
Arafarma,PH_ORG
Sandoz,PH_ORG
Katalent,PH_ORG
Mauermann,PH_ORG
Glaxo Smith Kline,PH_ORG
Hankook,PH_ORG
Frosst Iberica,PH_ORG
Rubikon,PH_ORG
Medizen,PH_ORG
HBM,PH_ORG
Medizen,PH_ORG
Avara,PH_ORG
Katalent,PH_ORG
Hanlim,PH_ORG
Selltrion,PH_ORG
Hasko,PH_ORG
S.C. Romfarm,PH_ORG
Famar A.V.E,PH_ORG
Bilim,PH_ORG
Farmaxemi,PH_ORG
HBM,PH_ORG
Fareva Amboise,PH_ORG
Nordmark,PH_ORG
Servye,PH_ORG
Acino,PH_ORG
Famar Orlean,PH_ORG
HBM,PH_ORG
Qsc Ekopolis,PH_ORG
OM,PH_ORG
Cenexi,PH_ORG
Allmed,PH_ORG
Mentolatum,PH_ORG
Ever,PH_ORG
Fayzer,PH_ORG
Ebbott,PH_ORG
Sandong ,PH_ORG
Seneksi,PH_ORG
Reyang,PH_ORG
Rottafarm,PH_ORG
Eimeskom,PH_ORG
Sanofi-Aventis,PH_ORG
Ebbott,PH_ORG
Alkon - Kuvre,PH_ORG
Sanofi Aventis,PH_ORG
Nizhpharm,PH_ORG
Lek,PH_ORG
Ebbott,PH_ORG
Cadila,PH_ORG
Biofarma,PH_ORG
Sic Borshchahivskiy,PH_ORG
Sintez,PH_ORG
Beximco ,PH_ORG
Janssen,PH_ORG
Farmastulln,PH_ORG
Pateon,PH_ORG
Valenta,PH_ORG
Nobel,PH_ORG
Krewel,PH_ORG
Belmedpreparat,PH_ORG
Zelenaya,PH_ORG
Farmaselekt,PH_ORG
Prod Ts.,PH_ORG
Fidia,PH_ORG
Dosfarm,PH_ORG
Hippokrat ,PH_ORG
Dr. Villmar,PH_ORG
Ots A,PH_ORG
Pharmavision  ,PH_ORG
Solupharm,PH_ORG
Sandoz,PH_ORG
Uni - Farma,PH_ORG
Union,PH_ORG
Stirolbiofarm,PH_ORG
Glaxo Smith Kline,PH_ORG
Npf Materiya,PH_ORG
Engelhard Arzneimittel,PH_ORG
Pharmavision,PH_ORG
Leon,PH_ORG
Mipharm,PH_ORG
Dongkwang,PH_ORG
Esparma,PH_ORG
Polifarma,PH_ORG
Vijn,PH_ORG
Montavit,PH_ORG
S.C. Rompharm  ,PH_ORG
Myung Moon,PH_ORG
Borisovsky ,PH_ORG
Hugel,PH_ORG
Idol,PH_ORG
Ebeve,PH_ORG
Square ,PH_ORG
Ncpc,PH_ORG
Halychpharm,PH_ORG
Sun,PH_ORG
Pharmstandard - Leksredstva,PH_ORG
Gedeon Richter,PH_ORG
Tum Ekip,PH_ORG
Gouruy,PH_ORG
Myungmun ,PH_ORG
ATB,PH_ORG
Yuria ,PH_ORG
Ebewe,PH_ORG
Ursapharm Arzneimittel,PH_ORG
Olainfarm,PH_ORG
Yanssen - Orto ,PH_ORG
Bolder Arzneimittel,PH_ORG
Farmavijn,PH_ORG
Antibiotice,PH_ORG
E.I.P.I,PH_ORG
Selltrion,PH_ORG
Genefarm,PH_ORG
Alleman,PH_ORG
Marion Biotex ,PH_ORG
Delorbis,PH_ORG
Alkermes ,PH_ORG
Labesfa,PH_ORG
Ibsa,PH_ORG
Labormed,PH_ORG
Farmakeya,PH_ORG
Farmakal,PH_ORG
Aventis,PH_ORG
Biofaktor,PH_ORG
Foskama,PH_ORG
Intendis,PH_ORG
Medlac,PH_ORG
Combino,PH_ORG
Glaxo,PH_ORG
Qsc,PH_ORG
Baliarda,PH_ORG
Likonza,PH_ORG
Fraska,PH_ORG
Kon - Kuvre,PH_ORG
Sofarteks,PH_ORG
Biogen,PH_ORG
Dalximfarm,PH_ORG
Lonza,PH_ORG
Kimika Montpellier,PH_ORG
Vest,PH_ORG
Innotera Suzi,PH_ORG
Amriya,PH_ORG
Kotra,PH_ORG
Argentino,PH_ORG
Amoun,PH_ORG
Atlantik,PH_ORG
Farmasayans  ,PH_ORG
Mediterrania,PH_ORG
Kon - Kuvre,PH_ORG
Adelko,PH_ORG
N.V. Organon,PH_ORG
Atlantik,PH_ORG
Bayer ,PH_ORG
Leo,PH_ORG
Romfarm,PH_ORG
HBM,PH_ORG
Lilly,PH_ORG
Trima,PH_ORG
Yunimed,PH_ORG
Biofarma,PH_ORG
Serum,PH_ORG
Baqo,PH_ORG
B. Ara,PH_ORG
Frosst,PH_ORG
Eczane,PH_ORG
Aflofarm,PH_ORG
Ramofarmin,PH_ORG
Alkermes,PH_ORG
Hilton,PH_ORG
Krevel Moyzelbax,PH_ORG
Salutas,PH_ORG
Reig Jofre,PH_ORG
Dr. Reddis,PH_ORG
Santen,PH_ORG
Halicfarm,PH_ORG
Pik - Farma,PH_ORG
Dr. Lazar,PH_ORG
Tafa Nevzat,PH_ORG
Sc Onika,PH_ORG
Delfarm,PH_ORG
Hovid,PH_ORG
Oktafarma,PH_ORG
Feron ,PH_ORG
Glaxosmithkline,PH_ORG
Bakster,PH_ORG
A. Menarini,PH_ORG
Resifarm,PH_ORG
Chemino,PH_ORG
Legrand,PH_ORG
Ulagay,PH_ORG
Deksel,PH_ORG
Ter,PH_ORG
Fulton,PH_ORG
Medlak,PH_ORG
Bial,PH_ORG
Lizafarma,PH_ORG
Canelle,PH_ORG
Yuyu ,PH_ORG
Infomed Fluids,PH_ORG
Farmakeya,PH_ORG
Farma,PH_ORG
Rova,PH_ORG
Rova,PH_ORG
F. Hoffman - Lya,PH_ORG
Laboratuar Roza-Fitofarma,PH_ORG
Teva,PH_ORG
Lafedar,PH_ORG
Kleva,PH_ORG
Tav Klayn,PH_ORG
Kleon Tsetis,PH_ORG
Bmmc,PH_ORG
Kleon Tsetis ,PH_ORG
Avis,PH_ORG
Sevafarma,PH_ORG
Veyz Lederle,PH_ORG
Danafa ,PH_ORG
Haupt,PH_ORG
Mikrogen,PH_ORG
Drogsan,PH_ORG
Freseni Kabi,PH_ORG
Farko,PH_ORG
Yanssen-Ortho,PH_ORG
Relians,PH_ORG
Sterop,PH_ORG
AC Helkor,PH_ORG
Ever Neyro,PH_ORG
Pateon Fransa,PH_ORG
Kedrion,PH_ORG
Sanofi,PH_ORG
Solufarm,PH_ORG
Vem aret,PH_ORG
Eurofarm,PH_ORG
Katalent Sorndorf,PH_ORG
Lab. Farmasyutiko C.T,PH_ORG
Fransiya,PH_ORG
Mayoli,PH_ORG
MSD,PH_ORG
Orion,PH_ORG
Farmapol,PH_ORG
Ferring,PH_ORG
Ferring,PH_ORG
Silaq,PH_ORG
Dayvon,PH_ORG
Basi,PH_ORG
Mylan,PH_ORG
Sirton,PH_ORG
Mega,PH_ORG
Sayntek,PH_ORG
Reyoung,PH_ORG
Glaxosmithkline,PH_ORG
Dae Han Nyu,PH_ORG
Bosnalijek,PH_ORG
Lixtenxelt ,PH_ORG
Teva,PH_ORG
Nearmedik ,PH_ORG
Baxalta,PH_ORG
Esseti,PH_ORG
Vifiteh,PH_ORG
Rixard Bitner,PH_ORG
Veyz,PH_ORG
Dintek ,PH_ORG
Fayzer,PH_ORG
Delorbis,PH_ORG
Teva,PH_ORG
Legasi,PH_ORG
Pliva,PH_ORG
Alkon - Kuzi,PH_ORG
Teva,PH_ORG
Eis Materiya,PH_ORG
S.C. Slavia,PH_ORG
Bayer Helskea,PH_ORG
MC,PH_ORG
Alkon - Kovryur,PH_ORG
Famar,PH_ORG
Rekitt Benkizer,PH_ORG
Nikomed,PH_ORG
Vifor  ,PH_ORG
Geymont,PH_ORG
Alza,PH_ORG
Nanjing Baijingyu,PH_ORG
Astellas,PH_ORG
Farbil,PH_ORG
Kimika Montpelyer,PH_ORG
Ferring,PH_ORG
Dongkvang,PH_ORG
Ekstraktum,PH_ORG
Sandong,PH_ORG
Kursk,PH_ORG
Hfh ,PH_ORG
Iberfar,PH_ORG
Glaxosmithkline,PH_ORG
Myungmun,PH_ORG
Biotiki Teik ,PH_ORG
E-Farma Trento,PH_ORG
Bakster,PH_ORG
Ginsana,PH_ORG
Ipsen,PH_ORG
Medak,PH_ORG
Lilli Del Karibe  ,PH_ORG
B Ara,PH_ORG
Nikomed,PH_ORG
Geminis,PH_ORG
Orto Klinikal,PH_ORG
Alkem,PH_ORG
Biomedika Foskama,PH_ORG
Elea,PH_ORG
Aktavis,PH_ORG
Klok,PH_ORG
Vernigerod,PH_ORG
Diafarm,PH_ORG
Bluefarma,PH_ORG
Mosfarm ,PH_ORG
Amgen,PH_ORG
Reig,PH_ORG
Merck,PH_ORG
Nikomed,PH_ORG
Icn Polfa Rzeszov,PH_ORG
Peplek,PH_ORG
Mayoli Indler,PH_ORG
Elea,PH_ORG
Zentiva,PH_ORG
Bailly,PH_ORG
Serum,PH_ORG
Ildong ,PH_ORG
Fayzer,PH_ORG
Yadran-Galenskiy,PH_ORG
Kuper,PH_ORG
Teva,PH_ORG
H. Lundbek,PH_ORG
Generfarma,PH_ORG
Polifarm,PH_ORG
Alpeks,PH_ORG
Alfa Vasserman,PH_ORG
Toprak,PH_ORG
Basi,PH_ORG
Yadran - Galenskiy ,PH_ORG
Handok  ,PH_ORG
Biotexnos,PH_ORG
Mikrofarm ,PH_ORG
Ebeve,PH_ORG
Sterop,PH_ORG
Amriya,PH_ORG
Sell,PH_ORG
So.Se.,PH_ORG
Abdi Ibrahim,PH_ORG
Yanssen - Silaq,PH_ORG
Atlantik,PH_ORG
Ferring Maniya,PH_ORG
Les,PH_ORG
Biolek,PH_ORG
Catalent Horndorf,PH_ORG
Faraoniya,PH_ORG
Hikma,PH_ORG
Tedek - Meiji,PH_ORG
Farmak,PH_ORG
Ebeve,PH_ORG
Siqmatek,PH_ORG
Farmakar,PH_ORG
Dragenofarm,PH_ORG
Unifarma,PH_ORG
Ros,PH_ORG
Canell,PH_ORG
K.O. Slaviya,PH_ORG
Spa,PH_ORG
Sterop,PH_ORG
A.C. Helkor,PH_ORG
Farmeks ,PH_ORG
Beksimko,PH_ORG
Fayzer,PH_ORG
Fayzer,PH_ORG
Sinil ,PH_ORG
Merck,PH_ORG
Sofarimeks,PH_ORG
Farmalabor,PH_ORG
Beltafarm,PH_ORG
Rovi,PH_ORG
Basi,PH_ORG
Kleva,PH_ORG
Nobelfarma,PH_ORG
Lekfarm,PH_ORG
Aptalis,PH_ORG
Ldp - Torlan,PH_ORG
Kloke,PH_ORG
Kiyevmedpreparat,PH_ORG
Berlin - Xemi,PH_ORG
Katalent,PH_ORG
Temis Lostalo,PH_ORG
Merz,PH_ORG
Glaxosmithkline,PH_ORG
Glaxosmithkline,PH_ORG
Glaxosmithkline,PH_ORG
Fayzer,PH_ORG
Haupt,PH_ORG
Fayzer,PH_ORG
Sanofi - Aventis,PH_ORG
Piramal,PH_ORG
Sanofi,PH_ORG
Astellas,PH_ORG
Kimika Monpellier,PH_ORG
Tafa Nevzat,PH_ORG
Sanofi,PH_ORG
Gedeon Rixter,PH_ORG
Biogen,PH_ORG
Gedeon Rixter,PH_ORG
Mega,PH_ORG
MSD ,PH_ORG
Farmaklair,PH_ORG
Onkotek,PH_ORG
Delpharm,PH_ORG
Biofarm,PH_ORG
A. Menarini,PH_ORG
Biofaktor,PH_ORG
Farmakal,PH_ORG
Gulf,PH_ORG
Bayer,PH_ORG
Farmaklair,PH_ORG
Riemzer,PH_ORG
Makiz,PH_ORG
Idol,PH_ORG
Farko ,PH_ORG
Banner,PH_ORG
Oktafarma,PH_ORG
Oktafarma,PH_ORG
Kombino,PH_ORG
Santonika,PH_ORG
Siqma - Tau,PH_ORG
Jadran - Galenski ,PH_ORG
Onkotek,PH_ORG
Mastelli,PH_ORG
Likonsa,PH_ORG
Teva,PH_ORG
Katalent,PH_ORG
Farmfirmasoteks,PH_ORG
Biopol,PH_ORG
Farmila - Thea,PH_ORG
C.O.C.,PH_ORG
B. Braun,PH_ORG
SC Tbilximfarm,PH_ORG
Kooperesn,PH_ORG
Sanofi,PH_ORG
Pateon,PH_ORG
Astellas,PH_ORG
Catalent Beinheim,PH_ORG
Generium,PH_ORG
Rivofarm,PH_ORG
Hering - Plough  ,PH_ORG
Arzneimittel,PH_ORG
QSC Vifitex,PH_ORG
Labesfal - Miro,PH_ORG
Alkala,PH_ORG
Servye,PH_ORG
Sedico,PH_ORG
Rubikon,PH_ORG
Napi ,PH_ORG
Mauermann Artsnaymittel,PH_ORG
Darou Pakhsh,PH_ORG
Paskoe,PH_ORG
Alfamed Farbil Arzneimittel,PH_ORG
Mefar ,PH_ORG
Sina Rou,PH_ORG
E.I.P.I.,PH_ORG
Bouchara,PH_ORG
Yena,PH_ORG
Katalent,PH_ORG
Yunion,PH_ORG
Allfamed Farbil Azrneimittel,PH_ORG
Patheon,PH_ORG
Misir,PH_ORG
Haupt,PH_ORG
Haupt,PH_ORG
Miquel Y. Garriga,PH_ORG
Aflofarm,PH_ORG
Orion,PH_ORG
Beyli Kreat,PH_ORG
Rey Jofre,PH_ORG
Osmofarm,PH_ORG
Dr. Grossmann,PH_ORG
Beyli - Kreat,PH_ORG
Sedico,PH_ORG
Famar,PH_ORG
Organon,PH_ORG
Kremers,PH_ORG
Teva,PH_ORG
Simesa,PH_ORG
Zentiva,PH_ORG
Epifarma,PH_ORG
A.G.I.P.S.,PH_ORG
Ranbaxy,PH_ORG
Tecnigen,PH_ORG
Gestipharm,PH_ORG
Ipso,PH_ORG
Aurobindo,PH_ORG
Pharmacare,PH_ORG
So.Se.,PH_ORG
Guidotti,PH_ORG
Crinos,PH_ORG
Sun,PH_ORG
Ind Tria,PH_ORG
S.A.L.F. ,PH_ORG
Sofar,PH_ORG
Monico,PH_ORG
Pool,PH_ORG
Bouty,PH_ORG
Dy Fe,PH_ORG
Alm,PH_ORG
Menarini,PH_ORG
Piam,PH_ORG
Dompe ,PH_ORG
Proge,PH_ORG
Menarini,PH_ORG
Union,PH_ORG
Ter,PH_ORG
Pharmaber,PH_ORG
Fulton,PH_ORG
Pharmeg,PH_ORG
Germed,PH_ORG
Angelini,PH_ORG
Konpharma,PH_ORG
Neopharmed Gentili,PH_ORG
Pierre Fabre,PH_ORG
Farto,PH_ORG
I.B.N.,PH_ORG
Daiichi Sankyo,PH_ORG
J.Uriach & Cia,PH_ORG
Biohorm,PH_ORG
Zillen,PH_ORG
Mediolanum,PH_ORG
Lanova,PH_ORG
Valeas,PH_ORG
Ecupharma,PH_ORG
Fenix,PH_ORG
Riemser,PH_ORG
Isdin,PH_ORG
Pierre Fabre,PH_ORG
Fidia,PH_ORG
Janssen,PH_ORG
Maven,PH_ORG
Magis,PH_ORG
K24 ,PH_ORG
Meda,PH_ORG
A.T.F.,PH_ORG
Aesculapi,PH_ORG
Abiogen,PH_ORG
Errekappa,PH_ORG
Sophos,PH_ORG
Lisapharma,PH_ORG
Allergan,PH_ORG
Takeda,PH_ORG
Italchimici,PH_ORG
GMM,PH_ORG
Eli Lilly,PH_ORG
Farmaroc,PH_ORG
Alfred E. Tiefenbacher,PH_ORG
BB,PH_ORG
Gekofar,PH_ORG
Farma 1000,PH_ORG
Medifarm,PH_ORG
Farmavox,PH_ORG
BF Research,PH_ORG
Norgine,PH_ORG
Pricetag,PH_ORG
Ibigen,PH_ORG
Prospa,PH_ORG
Omikron,PH_ORG
Visufarma,PH_ORG
Farmed,PH_ORG
Sandoz,PH_ORG
Innova,PH_ORG
Alfa Intes,PH_ORG
Sifi,PH_ORG
Ntc,PH_ORG
Medac,PH_ORG
Sanofi Aventis,PH_ORG
Stroder,PH_ORG
Accord,PH_ORG
Scharper,PH_ORG
Exipharma,PH_ORG
Fisiopharma,PH_ORG
Msd,PH_ORG
Bristol M. Squibb ,PH_ORG
J.T.,PH_ORG
Dr. Reddys,PH_ORG
Pharmatex,PH_ORG
Ditta,PH_ORG
Mdm,PH_ORG
Polifarma,PH_ORG
Cso Pharmitalia,PH_ORG
Mundipharma,PH_ORG
Morganceutical,PH_ORG
Rottapharm,PH_ORG
Ralpharma,PH_ORG
Farmakopea,PH_ORG
Zambon,PH_ORG
Sirton,PH_ORG
Europharma,PH_ORG
Meda,PH_ORG
Bioind Tria,PH_ORG
Farmitalia,PH_ORG
Ratiopharm,PH_ORG
Eurospital,PH_ORG
S.M. ,PH_ORG
Diaco Biofarmaceutici,PH_ORG
Freseni Kabi,PH_ORG
Mor,PH_ORG
Mediwin,PH_ORG
Siar,PH_ORG
Helsinn Birex ,PH_ORG
Benedetti,PH_ORG
Juvise ,PH_ORG
Macleods,PH_ORG
Eli Lilly,PH_ORG
A.C.R.A.F,PH_ORG
Promedica,PH_ORG
Laboratori Baldacci,PH_ORG
Idi,PH_ORG
Pharmaswiss,PH_ORG
Pharmacyvalue,PH_ORG
Bioakos,PH_ORG
C & G,PH_ORG
Mylan,PH_ORG
MPF,PH_ORG
GB,PH_ORG
Boehringer Ingelheim,PH_ORG
Pegaso,PH_ORG
Tecnopharma,PH_ORG
Master,PH_ORG
Lundbeck,PH_ORG
Foscama,PH_ORG
Ro-Farm,PH_ORG
Bristol Myers Squibb,PH_ORG
Giuliani,PH_ORG
Dr. Reddys,PH_ORG
Hikma,PH_ORG
Merck,PH_ORG
Effik,PH_ORG
Thea,PH_ORG
Ba.Ch. & Lomb-Iom,PH_ORG
Fairmed,PH_ORG
Sooft,PH_ORG
OP,PH_ORG
Lampugnani,PH_ORG
Ferring,PH_ORG
Wellpharma,PH_ORG
Addenda,PH_ORG
Galderma,PH_ORG
Warner Chilcott,PH_ORG
GloriaMed,PH_ORG
Stirling Anglian,PH_ORG
S & R,PH_ORG
Innotech,PH_ORG
Pharmafar,PH_ORG
Biopharma,PH_ORG
Biomed,PH_ORG
Anseris,PH_ORG
Stewart,PH_ORG
Shire,PH_ORG
Sanitas,PH_ORG
LTC,PH_ORG
Smith & Nephew,PH_ORG
Woikoski,PH_ORG
Sabora,PH_ORG
B. Braun,PH_ORG
Gilead,PH_ORG
Orion J,PH_ORG
Galena,PH_ORG
Msd,PH_ORG
Servier,PH_ORG
Ots A.,PH_ORG
Aziende,PH_ORG
Menarini,PH_ORG
Hameln,PH_ORG
Intendis,PH_ORG
Verman,PH_ORG
Lilly,PH_ORG
Ibsa,PH_ORG
Recip,PH_ORG
Orphan,PH_ORG
Medice,PH_ORG
Baxalta,PH_ORG
Lundbeck,PH_ORG
Ucb,PH_ORG
Dr. Willmar Hwabe,PH_ORG
Defiante,PH_ORG
Merz,PH_ORG
Bioiberica,PH_ORG
Merck,PH_ORG
Claris,PH_ORG
J. Uriach & Mpania,PH_ORG
Allergan,PH_ORG
Ba.Ch. & Lomb,PH_ORG
Biogen,PH_ORG
Norgine,PH_ORG
Gambro,PH_ORG
Ranbaxy,PH_ORG
Caref,PH_ORG
Orpha-Devel,PH_ORG
CP Gaba,PH_ORG
Aspen,PH_ORG
Aop Orphan,PH_ORG
Alexion,PH_ORG
Exeltis,PH_ORG
Ebeve,PH_ORG
Biotest,PH_ORG
Ace ,PH_ORG
Aco Hud,PH_ORG
Biomet,PH_ORG
A. Vogel,PH_ORG
Amgen,PH_ORG
Clinigen,PH_ORG
Kre Sler,PH_ORG
Koanaa,PH_ORG
Mer,PH_ORG
Uni-Pharma,PH_ORG
HRA,PH_ORG
Primex ,PH_ORG
Actelion,PH_ORG
Omrix,PH_ORG
Procter & Gamble,PH_ORG
Protina,PH_ORG
Gen. Orph,PH_ORG
LFB,PH_ORG
Dr. Kade,PH_ORG
Sanquin,PH_ORG
Desitin,PH_ORG
Septodont,PH_ORG
Nordic,PH_ORG
Elpen ,PH_ORG
Sigma Tau,PH_ORG
Marklas,PH_ORG
3M,PH_ORG
Zambon,PH_ORG
Shire,PH_ORG
L. Molteni,PH_ORG
Mylan,PH_ORG
Pharmamar,PH_ORG
Helsinn Birex,PH_ORG
Exelgyn,PH_ORG
Bial-Portela,PH_ORG
Dema,PH_ORG
Micropharm,PH_ORG
Dishman,PH_ORG
Sanofi Pasteur,PH_ORG
Photocure,PH_ORG
Vioser,PH_ORG
Neurim ,PH_ORG
Correvio,PH_ORG
Pharmaxis,PH_ORG
Stada Nordic,PH_ORG
Billev Pharma,PH_ORG
Colgate - Palmolive,PH_ORG
Besins,PH_ORG
Substipharm,PH_ORG
Agepha,PH_ORG
Rapidscan,PH_ORG
Cabot Norit,PH_ORG
Bristol-Myers Squibb,PH_ORG
Mylan,PH_ORG
Serb,PH_ORG
Cassella,PH_ORG
P & D ,PH_ORG
Manx,PH_ORG
Cherubino,PH_ORG
Ibss Biomed,PH_ORG
Gen ,PH_ORG
JV,PH_ORG
Baxter,PH_ORG
Regent,PH_ORG
Visage Gozo,PH_ORG
Thornton & Ross,PH_ORG
Alston Garrard,PH_ORG
Neofarma ,PH_ORG
Charles De Giorgio,PH_ORG
Caref Ion,PH_ORG
Beecham,PH_ORG
Ecosse,PH_ORG
Codal - Synto,PH_ORG
Glaxo Smithkline,PH_ORG
Bailleul,PH_ORG
Macarthys,PH_ORG
Bode Chemie,PH_ORG
LCM,PH_ORG
Pharmabart,PH_ORG
Bray,PH_ORG
Jenapharm,PH_ORG
Meda ,PH_ORG
Crawford,PH_ORG
Medicem,PH_ORG
Cipla,PH_ORG
Freseni,PH_ORG
DDD,PH_ORG
Ennogen,PH_ORG
Aldox,PH_ORG
Medinfar,PH_ORG
Scholl,PH_ORG
Pinewood,PH_ORG
Wockhardt,PH_ORG
Freedor,PH_ORG
MCneil,PH_ORG
Sopharma,PH_ORG
Meda,PH_ORG
Labormed,PH_ORG
Medinfar,PH_ORG
Beacon ,PH_ORG
BGP,PH_ORG
Colonis,PH_ORG
Forest,PH_ORG
Mercury,PH_ORG
Hameln ,PH_ORG
Alphafarma,PH_ORG
Adelco - Chromatourgia,PH_ORG
Wallace,PH_ORG
Syri,PH_ORG
Glaxo,PH_ORG
Genzyme,PH_ORG
Theramex,PH_ORG
1A,PH_ORG
Alfred Gera & Sons,PH_ORG
Lincoln,PH_ORG
Controlled Therapeutics,PH_ORG
Ebeve,PH_ORG
Pemix,PH_ORG
Stragen,PH_ORG
Mithra ,PH_ORG
Organon,PH_ORG
Novonordisk,PH_ORG
Foc Ed,PH_ORG
Clonmel,PH_ORG
Farmarosib,PH_ORG
J. Uraich & Cia,PH_ORG
 Azevedos,PH_ORG
Castagnola,PH_ORG
Rontis,PH_ORG
Trenka,PH_ORG
A. C. R. A. F. A,PH_ORG
Ency  ,PH_ORG
Omega,PH_ORG
Krka,PH_ORG
Resolution,PH_ORG
OM,PH_ORG
Reactilab,PH_ORG
Kem,PH_ORG
Stirling ,PH_ORG
Marco Antonetto,PH_ORG
Bell Sons,PH_ORG
Viridian,PH_ORG
Uriach,PH_ORG
Omega,PH_ORG
Actavis,PH_ORG
Ursapharm,PH_ORG
Chefaro,PH_ORG
Norma,PH_ORG
Aflofarm,PH_ORG
Galenicum,PH_ORG
Rosemont ,PH_ORG
Xantis,PH_ORG
Arrow Generics,PH_ORG
Vivian,PH_ORG
Pharmacare,PH_ORG
Alfred E. Tiefembacher,PH_ORG
Miller & Miller,PH_ORG
Seid,PH_ORG
Ferring,PH_ORG
Crescent,PH_ORG
Ioulia & Irene Tsetis,PH_ORG
AA,PH_ORG
Portfarma,PH_ORG
Torrent,PH_ORG
Minerva,PH_ORG
Church & Dwight,PH_ORG
Cooper ,PH_ORG
Norgine,PH_ORG
Heyl,PH_ORG
Bayer,PH_ORG
V.J. Lomone,PH_ORG
SSL,PH_ORG
Walmark,PH_ORG
Eli Lilly,PH_ORG
Bioton,PH_ORG
Qualiphar,PH_ORG
Norton Waterford,PH_ORG
Norton Waterford,PH_ORG
Breath,PH_ORG
S.J.A.,PH_ORG
Actavis,PH_ORG
Hameln,PH_ORG
Bioorganics,PH_ORG
Biomo,PH_ORG
Promec  ,PH_ORG
STD,PH_ORG
Aqvida,PH_ORG
Uropharm,PH_ORG
Medichem,PH_ORG
A. Menarini ,PH_ORG
Innothera,PH_ORG
Wrafton ,PH_ORG
Mcdermott,PH_ORG
Vocate ,PH_ORG
Lamda,PH_ORG
Mint,PH_ORG
Momaja,PH_ORG
Bennett ,PH_ORG
D.A.S.T.,PH_ORG
Inresa Arzneimittel,PH_ORG
Tri,PH_ORG
Auden Mckenzie,PH_ORG
Mercury,PH_ORG
Novelgenix,PH_ORG
I.F.E.T,PH_ORG
A.M. Mangion,PH_ORG
Verisfield,PH_ORG
C & M,PH_ORG
Freseni,PH_ORG
Chiesi,PH_ORG
Cupal,PH_ORG
Seton,PH_ORG
Cenote,PH_ORG
Phoenix,PH_ORG
Kwizda,PH_ORG
Browns,PH_ORG
Alet ,PH_ORG
Ferraz Lynce,PH_ORG
Urquima,PH_ORG
Gp - Genericos Portugueses,PH_ORG
Alta,PH_ORG
Nexcape ,PH_ORG
Aspar ,PH_ORG
Hosptess,PH_ORG
Hexal,PH_ORG
Libytec ,PH_ORG
Norma,PH_ORG
Manx,PH_ORG
Bavaria,PH_ORG
Terali,PH_ORG
Helcor,PH_ORG
Labomed,PH_ORG
Farmoz - Sociedade,PH_ORG
Medicom,PH_ORG
Rayner ,PH_ORG
Lambda,PH_ORG
Blumont,PH_ORG
Medochemie,PH_ORG
Evopharm,PH_ORG
Combino,PH_ORG
Demo,PH_ORG
Chauvin,PH_ORG
Stallergenes,PH_ORG
Amw,PH_ORG
Aspen,PH_ORG
Viofar,PH_ORG
Poligas,PH_ORG
Multigas,PH_ORG
S.A.L.F.,PH_ORG
Covidien,PH_ORG
Sanochemia,PH_ORG
Iason,PH_ORG
Mepha,PH_ORG
Meda,PH_ORG
Drossapharm,PH_ORG
Liqmeds,PH_ORG
Medic,PH_ORG
Carysfort,PH_ORG
Pinewoods,PH_ORG
Alembic ,PH_ORG
Tecnifar,PH_ORG
Teva,PH_ORG
Milpharm,PH_ORG
Mentholatum  ,PH_ORG
Dr. Friedrich Eberth,PH_ORG
Actavis,PH_ORG
Aurovitas,PH_ORG
Bioind Tria,PH_ORG
Meditop,PH_ORG
Dexcel,PH_ORG
Wave,PH_ORG
Rubio,PH_ORG
AS. Kalceks,PH_ORG
Mimer,PH_ORG
Biofarm,PH_ORG
Beximco,PH_ORG
Farco,PH_ORG
Napp ,PH_ORG
Mylan,PH_ORG
Abbott,PH_ORG
Pharmis,PH_ORG
Pronova,PH_ORG
Melita,PH_ORG
Billev,PH_ORG
Zambon,PH_ORG
Barrier,PH_ORG
M & A,PH_ORG
Teva,PH_ORG
Chelonia,PH_ORG
Bayer,PH_ORG
Stiefel,PH_ORG
Cos,PH_ORG
Peckforton ,PH_ORG
Forest Tosara,PH_ORG
Johnson & Johnson,PH_ORG
Pound,PH_ORG
Ricesteele,PH_ORG
Smith & Nephew ,PH_ORG
Premiere,PH_ORG
Ria Generics,PH_ORG
Nuron,PH_ORG
Belupo,PH_ORG
Hemofarm,PH_ORG
Farmavita,PH_ORG
Abdi Ibrahim,PH_ORG
Bosnalijek,PH_ORG
Galenika,PH_ORG
F. Hoffmann,PH_ORG
Slaviamed,PH_ORG
Viennapharm,PH_ORG
Zada ,PH_ORG
Engelhard Arzneimittel,PH_ORG
Eli Lilly,PH_ORG
Lek,PH_ORG
Replek,PH_ORG
Bayer,PH_ORG
Merck,PH_ORG
Farmal,PH_ORG
Teva,PH_ORG
BGP,PH_ORG
Novi Becej,PH_ORG
Zdravlje,PH_ORG
Messer Tehnoplin,PH_ORG
Jadran,PH_ORG
Ewopharma,PH_ORG
Reckitt Benckiser,PH_ORG
Alvogen,PH_ORG
Pharmas,PH_ORG
Bioind Tria,PH_ORG
Rajina,PH_ORG
Bilim,PH_ORG
 Cinfa,PH_ORG
Pharmavision,PH_ORG
Uljanik ,PH_ORG
Panacea,PH_ORG
Carinopharm,PH_ORG
Hemofarm,PH_ORG
Roha Arzneimittel,PH_ORG
Amsal ,PH_ORG
Zorex,PH_ORG
Apta,PH_ORG
Worwag,PH_ORG
Takeda ,PH_ORG
Merck,PH_ORG
Adamed,PH_ORG
Shenzhen Techdow,PH_ORG
UCB Farchim,PH_ORG
Labormed,PH_ORG
Boehringer Ingelheim,PH_ORG
Mayoly Indler,PH_ORG
Salv Zupana,PH_ORG
Pharmas,PH_ORG
Vioser,PH_ORG
Chephasaar,PH_ORG
Bionika ,PH_ORG
Helsinn,PH_ORG
Bago,PH_ORG
Synthon,PH_ORG
Atral,PH_ORG
Teva,PH_ORG
Amic,PH_ORG
Uriach - Aquiela,PH_ORG
Eriochem,PH_ORG
J. Uriach,PH_ORG
Olainfarm,PH_ORG
Accure,PH_ORG
Polifarma,PH_ORG
Hemofarm,PH_ORG
Midas,PH_ORG
Swiss Parenterals,PH_ORG
L. Molteni,PH_ORG
Torrent ,PH_ORG
Celltrion,PH_ORG
Johnson & Johnson,PH_ORG
Diaco,PH_ORG
Lisapharma,PH_ORG
Poljska,PH_ORG
Unimed,PH_ORG
Homoopathie,PH_ORG
Merz,PH_ORG
Recordati,PH_ORG
UAB Aconitum,PH_ORG
Desma,PH_ORG
Ibsa,PH_ORG
Eirgen,PH_ORG
Lek,PH_ORG
Mirall,PH_ORG
Vuab,PH_ORG
Alcon ,PH_ORG
Rotexmedica,PH_ORG
Grindeks Jsc,PH_ORG
Pharmamed Travnik,PH_ORG
Dr. G. Tav Klein,PH_ORG
Labormed,PH_ORG
Shulke Mayr,PH_ORG
Lannacher,PH_ORG
Jaka-80,PH_ORG
Eris  Y,PH_ORG
Alleman,PH_ORG
Medis,PH_ORG
Pharmanova,PH_ORG
B. Braun,PH_ORG
Ebi,PH_ORG
Vital,PH_ORG
Cps Cito,PH_ORG
Similasan,PH_ORG
Verfora,PH_ORG
Elanco Tiergesundheit,PH_ORG
Aspen Hweiz,PH_ORG
Serolab,PH_ORG
Lagap,PH_ORG
B.E. Imaging,PH_ORG
Provet,PH_ORG
Helvepharm,PH_ORG
Merck,PH_ORG
Amino,PH_ORG
Mundipharma  ,PH_ORG
Wala Hweiz,PH_ORG
Melisana,PH_ORG
Novo Nordisk,PH_ORG
Zambon,PH_ORG
F. Hunziker,PH_ORG
Thea,PH_ORG
Roche,PH_ORG
Eumedica ,PH_ORG
Sidroga,PH_ORG
Weleda,PH_ORG
Alfasigma Hweiz,PH_ORG
Alcon,PH_ORG
Werner Stricker,PH_ORG
Doetsch Grether,PH_ORG
Nutrimedis,PH_ORG
F. Uhlmann-Eyraud,PH_ORG
Procter & Gamble,PH_ORG
Mepha,PH_ORG
Gsk,PH_ORG
Indivior Hweiz,PH_ORG
Axapharm,PH_ORG
Medinova,PH_ORG
Dr. Heinz Welti,PH_ORG
Teofarma ,PH_ORG
Curatis,PH_ORG
Amavita,PH_ORG
Schwabe,PH_ORG
Paxvax Berna,PH_ORG
Effik,PH_ORG
Omida,PH_ORG
Berlis,PH_ORG
Labatec,PH_ORG
Gilead,PH_ORG
Orion,PH_ORG
Desma,PH_ORG
Dr. E. Graub,PH_ORG
Messer Hweiz,PH_ORG
Pierre Fabre,PH_ORG
Actelion ,PH_ORG
Allergopharma,PH_ORG
Shire,PH_ORG
Biokema,PH_ORG
Arko Diff,PH_ORG
Ceres Heilmittel,PH_ORG
Ufamed,PH_ORG
Andermatt Biovet,PH_ORG
Zoetis Hweiz,PH_ORG
Drac,PH_ORG
Streuli,PH_ORG
Metapharmaka,PH_ORG
Dr. Grossmann,PH_ORG
Phytomed,PH_ORG
Tentan,PH_ORG
Dermapharm,PH_ORG
Alpinamed,PH_ORG
Panax ,PH_ORG
Kerrhawe,PH_ORG
MSD,PH_ORG
Delaval,PH_ORG
Alcina,PH_ORG
Chiesi,PH_ORG
Permamed,PH_ORG
Orpha,PH_ORG
Ba Ch & Lomb,PH_ORG
Ucb,PH_ORG
Iromedica,PH_ORG
Dr. Dunner,PH_ORG
Medicoss,PH_ORG
Interdelta,PH_ORG
Marion Senn,PH_ORG
Arovet,PH_ORG
Biomed,PH_ORG
Desitin,PH_ORG
Ergo,PH_ORG
Dr. Wild,PH_ORG
Dr. G. Bichsel,PH_ORG
Alk - Abello,PH_ORG
Armeeapotheke,PH_ORG
Debiopharm,PH_ORG
Alfauna,PH_ORG
Stragen,PH_ORG
Hanseler,PH_ORG
IVF Hartmann,PH_ORG
Jos. Styger,PH_ORG
Morga,PH_ORG
Bracco Suisse,PH_ORG
A. Menarini,PH_ORG
Grunenthal,PH_ORG
Homoopharm,PH_ORG
Spagyros,PH_ORG
Dr. G. Bichsel,PH_ORG
Gaba Hweiz,PH_ORG
Herbamed,PH_ORG
Geistlich,PH_ORG
Regen,PH_ORG
UB,PH_ORG
Bienen Meier,PH_ORG
Max Zeller Sohne,PH_ORG
R.T. Rain,PH_ORG
Pangas,PH_ORG
Schulke & Mayr,PH_ORG
Boiron,PH_ORG
Resinag,PH_ORG
Ricola,PH_ORG
Solmer,PH_ORG
Steinberg,PH_ORG
Dr. Bahler Dropa,PH_ORG
Bencard,PH_ORG
Eisai,PH_ORG
Delphin-Amazonia,PH_ORG
Halag,PH_ORG
Heider,PH_ORG
Laves-Arzneimittel ,PH_ORG
Regena,PH_ORG
Tanner,PH_ORG
Chrisana,PH_ORG
Jacques Reboh,PH_ORG
Fishmed,PH_ORG
Diamo,PH_ORG
Andreabal,PH_ORG
Organogenesis,PH_ORG
Louis Widmer,PH_ORG
Carbagas,PH_ORG
Westfalen Gas Hweiz,PH_ORG
Sanochemia,PH_ORG
Nordic,PH_ORG
Aps - Arzneimittel,PH_ORG
Iscador,PH_ORG
Medtronic,PH_ORG
Galepharm,PH_ORG
Cederberg,PH_ORG
Salmon,PH_ORG
Coop Vitality,PH_ORG
Kedrion,PH_ORG
Bailleul,PH_ORG
Zeller,PH_ORG
Peterer,PH_ORG
Gynial,PH_ORG
Ideogen,PH_ORG
Opopharma Vertriebs,PH_ORG
Samsung Bioepis,PH_ORG
Migros - Genossenschafts - Bund,PH_ORG
Heidak,PH_ORG
Tesaro,PH_ORG
Krauterpfarrer Kunzle,PH_ORG
Novasearch,PH_ORG
Stulln Hweiz,PH_ORG
Kloster Wonnenstein,PH_ORG
Pharmaton,PH_ORG
E. Kern,PH_ORG
Fritz Suhner,PH_ORG
Schellenberg,PH_ORG
Midro,PH_ORG
HRA,PH_ORG
Magistra,PH_ORG
Phytopharma,PH_ORG
R.D.,PH_ORG
Adler Helvetia,PH_ORG
Ars Vitae,PH_ORG
Bridging,PH_ORG
Ospedalia,PH_ORG
Intermedica,PH_ORG
Dixa,PH_ORG
Iqone,PH_ORG
Correvio,PH_ORG
Leadiant,PH_ORG
Sos Oxygene,PH_ORG
Kyowa Kirin,PH_ORG
Baren,PH_ORG
Ursapharm Hweiz,PH_ORG
Athenstaedt,PH_ORG
Sparmed,PH_ORG
Nutrimed,PH_ORG
Martec Handels,PH_ORG
Z - Zentrum Fur Radiopharmazie,PH_ORG
Elixan Aromatica,PH_ORG
Produits Dentaires,PH_ORG
Lyron,PH_ORG
Dompe,PH_ORG
Kreuzlingen,PH_ORG
Mmpharm,PH_ORG
Bio-Strath,PH_ORG
Mitsubishi Tanabe,PH_ORG
Piniol,PH_ORG
Pharmakon,PH_ORG
Alexion,PH_ORG
Swan Isotopen,PH_ORG
Posimed,PH_ORG
H.W. Haumann,PH_ORG
Ironwood ,PH_ORG
Phytaris Naturwissen,PH_ORG
SFL,PH_ORG
Medicair,PH_ORG
Lubapharm,PH_ORG
Siphar,PH_ORG
Neovii ,PH_ORG
Welte,PH_ORG
Basilea,PH_ORG
Dr. Felix Zihler,PH_ORG
Diepharmex,PH_ORG
Smith & Nephew Hweiz,PH_ORG
Karr,PH_ORG
Dr. Andres,PH_ORG
3M,PH_ORG
Fonte,PH_ORG
Dr. Langer,PH_ORG
Incyte,PH_ORG
Infai,PH_ORG
TRB,PH_ORG
Keller Martigny,PH_ORG
Curaden,PH_ORG
Hepart,PH_ORG
Esro,PH_ORG
Alpex,PH_ORG
Sun,PH_ORG
GEA,PH_ORG
Hygline,PH_ORG
BD,PH_ORG
Cyntos,PH_ORG
Dr. Rappai,PH_ORG
Regulix,PH_ORG
Mutual,PH_ORG
Hetero,PH_ORG
Twi,PH_ORG
Teva,PH_ORG
Ivax,PH_ORG
Covis,PH_ORG
Chartwell,PH_ORG
Alembic,PH_ORG
Amneal,PH_ORG
Alkem,PH_ORG
West - Ward,PH_ORG
Ani,PH_ORG
Accord,PH_ORG
Pharmachemie,PH_ORG
Orchid,PH_ORG
G & W,PH_ORG
Matheson,PH_ORG
PVT,PH_ORG
Shenzhen Techdow,PH_ORG
Mylan,PH_ORG
Mylan,PH_ORG
Vertex,PH_ORG
Teva,PH_ORG
Torrent,PH_ORG
AM,PH_ORG
Lannett,PH_ORG
Hikma,PH_ORG
Morton Grove,PH_ORG
Neos,PH_ORG
Merck,PH_ORG
Bayer,PH_ORG
Phoenix,PH_ORG
Barr,PH_ORG
Taro,PH_ORG
Freseni Kabi,PH_ORG
Actavis,PH_ORG
Taro,PH_ORG
Duramed,PH_ORG
Perrigo,PH_ORG
Purepac,PH_ORG
Cenci,PH_ORG
Actavis,PH_ORG
ICU,PH_ORG
Mylan,PH_ORG
Halsey,PH_ORG
Yaopharma,PH_ORG
Glenmark,PH_ORG
Glenmark,PH_ORG
Arbor,PH_ORG
Caribe,PH_ORG
Sagent,PH_ORG
Allergan,PH_ORG
Pliva,PH_ORG
Par,PH_ORG
Bayer,PH_ORG
Impax,PH_ORG
Watson,PH_ORG
Puracap,PH_ORG
Galen,PH_ORG
Dr. Reddy's,PH_ORG
Dunhall,PH_ORG
Mylan,PH_ORG
Quad,PH_ORG
Superpharm,PH_ORG
Jubilant,PH_ORG
Igi,PH_ORG
L. Perrigo,PH_ORG
Actavis,PH_ORG
Anchen,PH_ORG
Ipca,PH_ORG
Pharmafair,PH_ORG
Galderma,PH_ORG
Prinston,PH_ORG
Nostrum,PH_ORG
Hikma,PH_ORG
Solopak,PH_ORG
Bayshore,PH_ORG
Watson,PH_ORG
Teva,PH_ORG
Ben Venue,PH_ORG
Quantum,PH_ORG
Teva,PH_ORG
Teva,PH_ORG
Abbott,PH_ORG
Nexgen,PH_ORG
Loch,PH_ORG
Merck,PH_ORG
Actavis,PH_ORG
Viiv,PH_ORG
Medicis,PH_ORG
Upsher - Smith,PH_ORG
Valeant,PH_ORG
Rising,PH_ORG
Janssen,PH_ORG
Bristol,PH_ORG
Valeant,PH_ORG
Vintage ,PH_ORG
Panray,PH_ORG
Roxane,PH_ORG
Spectra,PH_ORG
Novel,PH_ORG
Wockhardt,PH_ORG
Bedford,PH_ORG
Hetero,PH_ORG
Hope,PH_ORG
Taro,PH_ORG
Inwood,PH_ORG
B. Braun,PH_ORG
Akorn,PH_ORG
Fougera,PH_ORG
Amneal,PH_ORG
Linde,PH_ORG
Bel Mar,PH_ORG
Inforlife,PH_ORG
Sola Barnes,PH_ORG
Chirhoclin,PH_ORG
King,PH_ORG
Luitpold,PH_ORG
Duramed,PH_ORG
Piramal,PH_ORG
Reddys,PH_ORG
Mayne,PH_ORG
Lederle,PH_ORG
Elkins,PH_ORG
Able,PH_ORG
Gland,PH_ORG
Delcor,PH_ORG
ECR,PH_ORG
ZYD,PH_ORG
Lyne,PH_ORG
Cent,PH_ORG
Mission,PH_ORG
Pioneer,PH_ORG
Ortho Mc'Neil,PH_ORG
Jubilant Dista,PH_ORG
A-Ox,PH_ORG
Heather,PH_ORG
Tolmar,PH_ORG
Forest,PH_ORG
Paratek,PH_ORG
Mylan,PH_ORG
Elite,PH_ORG
Teva,PH_ORG
Ascot,PH_ORG
Baxter,PH_ORG
Mallinckrodt,PH_ORG
Acino,PH_ORG
Kreitchman,PH_ORG
Anda,PH_ORG
Abic,PH_ORG
Medtech,PH_ORG
Marsam,PH_ORG
Actavis,PH_ORG
Abraxis,PH_ORG
Lanthe,PH_ORG
Sebela,PH_ORG
Mcneil,PH_ORG
Pharmacal,PH_ORG
Ambix,PH_ORG
Anbex,PH_ORG
Qilu,PH_ORG
Janssen,PH_ORG
Ferndale,PH_ORG
Stevens,PH_ORG
Wyeth Ayerst,PH_ORG
Lupin,PH_ORG
Medpointe,PH_ORG
Bedford,PH_ORG
Unichem,PH_ORG
Rachelle,PH_ORG
Aurobindo,PH_ORG
Windtree,PH_ORG
Casi,PH_ORG
Tafa Nevzat,PH_ORG
Teva,PH_ORG
Par Sterile,PH_ORG
Baxter,PH_ORG
Oxford,PH_ORG
Edison,PH_ORG
Vintage,PH_ORG
Mikart,PH_ORG
Alra,PH_ORG
Sun Pharm,PH_ORG
Invagen,PH_ORG
Valeant,PH_ORG
Perrigo,PH_ORG
West Ward,PH_ORG
Shire,PH_ORG
Intl,PH_ORG
Herer,PH_ORG
Chattem,PH_ORG
Sprout,PH_ORG
X-Gen,PH_ORG
Casper,PH_ORG
Vernalis,PH_ORG
Microbix,PH_ORG
Dava,PH_ORG
Tersera,PH_ORG
Celgene,PH_ORG
Agouron,PH_ORG
Macleods,PH_ORG
Marksans,PH_ORG
Seattle,PH_ORG
Alkem,PH_ORG
Sunstar,PH_ORG
Impax,PH_ORG
Cycle,PH_ORG
J & J,PH_ORG
Ony,PH_ORG
Mylan,PH_ORG
Alpharma,PH_ORG
Takeda,PH_ORG
Sciegen,PH_ORG
Valeant,PH_ORG
Epic,PH_ORG
Meridian,PH_ORG
Breckenridge,PH_ORG
Lot,PH_ORG
Perrigo,PH_ORG
Aurolife,PH_ORG
Teva,PH_ORG
Forest,PH_ORG
Ajanta,PH_ORG
Hikma,PH_ORG
Apothecon,PH_ORG
Chemi,PH_ORG
Heritage,PH_ORG
Chiesi,PH_ORG
Parke,PH_ORG
Cadence,PH_ORG
Matrix,PH_ORG
Deproco,PH_ORG
Allied,PH_ORG
DBL,PH_ORG
Mission Pharmacal,PH_ORG
Solvay,PH_ORG
Kudco,PH_ORG
Emma,PH_ORG
AR,PH_ORG
Nesher,PH_ORG
X-Gen,PH_ORG
Arbrook,PH_ORG
Cis,PH_ORG
Precision Dermat,PH_ORG
Organon,PH_ORG
Novatech,PH_ORG
ECI,PH_ORG
Freseni Kabi,PH_ORG
Rockwell,PH_ORG
Mallinckrodt,PH_ORG
Bundy,PH_ORG
Emcure,PH_ORG
Hi-Tech Pharmacal,PH_ORG
Acs Dobfar,PH_ORG
Feinstein,PH_ORG
Barr,PH_ORG
Strides,PH_ORG
Specgx,PH_ORG
Italfarmaco,PH_ORG
Fosun,PH_ORG
Mast,PH_ORG
Whiteworth,PH_ORG
Ots A,PH_ORG
Alkermes,PH_ORG
Astrazeneca,PH_ORG
Rtrx,PH_ORG
Vangard,PH_ORG
Feinstein Institute,PH_ORG
Homeopath,PH_ORG
Inventia,PH_ORG
ACI,PH_ORG
Amring,PH_ORG
Teligent,PH_ORG
KV,PH_ORG
Alpha Thera,PH_ORG
Jubilant Draximage,PH_ORG
Vitarine,PH_ORG
Gavis ,PH_ORG
Leadiant Biosci,PH_ORG
Boca,PH_ORG
Interpharm,PH_ORG
Perrigo,PH_ORG
Prinston,PH_ORG
Mylan,PH_ORG
Micro,PH_ORG
Alza,PH_ORG
Eli Lilly,PH_ORG
Ecr,PH_ORG
Krka Tovarna,PH_ORG
Hetero,PH_ORG
Lupin Atlantis,PH_ORG
Worldmeds,PH_ORG
SI,PH_ORG
Altana,PH_ORG
Parkedale,PH_ORG
Bristol Myers,PH_ORG
AM Antibiotics,PH_ORG
Medicated,PH_ORG
Novast,PH_ORG
Smith & Nephew,PH_ORG
Ferring ,PH_ORG
Ranbaxy,PH_ORG
Rexall,PH_ORG
Abbvie Endocrine,PH_ORG
Crown,PH_ORG
Socorro,PH_ORG
Egalet,PH_ORG
Cypress,PH_ORG
Teligent,PH_ORG
Rhodes ,PH_ORG
Actelion ,PH_ORG
Teva,PH_ORG
Searle,PH_ORG
Valid,PH_ORG
Copley,PH_ORG
Everylife,PH_ORG
PLX,PH_ORG
Genentech,PH_ORG
Linde Gas,PH_ORG
Exeltis,PH_ORG
Gen Lifesciences,PH_ORG
Freseni,PH_ORG
KVK,PH_ORG
Nephron,PH_ORG
Endo,PH_ORG
Airgas,PH_ORG
Centocor Ortho,PH_ORG
Liebel-Flarsheim,PH_ORG
Tablicaps,PH_ORG
Pliva,PH_ORG
Suven,PH_ORG
Helsin,PH_ORG
Fougera,PH_ORG
Alcon,PH_ORG
Janssen,PH_ORG
Immunex,PH_ORG
Dey,PH_ORG
Avacor,PH_ORG
Bionpharma,PH_ORG
Cumberland,PH_ORG
Aprecia,PH_ORG
Avadel,PH_ORG
Banner Pharmacaps,PH_ORG
Midwest,PH_ORG
Xellia,PH_ORG
Auxilium,PH_ORG
Holland Rantos,PH_ORG
Nex,PH_ORG
Xanodyne,PH_ORG
Lundbeck,PH_ORG
Paddock,PH_ORG
Regeneron ,PH_ORG
Cadista,PH_ORG
Apopharma,PH_ORG
Savage,PH_ORG
Cipher,PH_ORG
Seton,PH_ORG
Alpharma,PH_ORG
Apex,PH_ORG
Aralez,PH_ORG
Sponsorname,PH_ORG
Iroko,PH_ORG
Taro,PH_ORG
Athenex,PH_ORG
Orexo,PH_ORG
Osmotica,PH_ORG
Schering Plough,PH_ORG
Spectron,PH_ORG
Miza,PH_ORG
Squibb,PH_ORG
Acme,PH_ORG
Wyeth,PH_ORG
Samson,PH_ORG
Vale,PH_ORG
Chartwell,PH_ORG
Lavipharm,PH_ORG
Appco,PH_ORG
60 Degrees,PH_ORG
Recordati,PH_ORG
Sterling Winthrop,PH_ORG
Robins Ah,PH_ORG
Thepharmanetwork,PH_ORG
Monarch,PH_ORG
Naska,PH_ORG
Acorda,PH_ORG
Heritage,PH_ORG
Draximage,PH_ORG
Falcon,PH_ORG
Avadel,PH_ORG
Mcneil Janssen,PH_ORG
Nortec,PH_ORG
Gensia Sicor,PH_ORG
Mallinkrodt,PH_ORG
Chase,PH_ORG
Vistapharm,PH_ORG
Avanthi,PH_ORG
Odyssey,PH_ORG
Ucla,PH_ORG
Tedor,PH_ORG
Apotex,PH_ORG
Apollo,PH_ORG
Spriaso,PH_ORG
Chemisch,PH_ORG
Dow,PH_ORG
Chartwell,PH_ORG
Astrazeneca,PH_ORG
Alvogen,PH_ORG
Humanwell Puracap,PH_ORG
Hisun,PH_ORG
Jazz Intl,PH_ORG
Nylos,PH_ORG
Renaissance SSA,PH_ORG
Ascent,PH_ORG
Becton Dickinson,PH_ORG
Apnar,PH_ORG
Sankyo,PH_ORG
Dentsply,PH_ORG
Unichem,PH_ORG
Aurobindo,PH_ORG
Aqua,PH_ORG
Injectalia,PH_ORG
Dyax,PH_ORG
Aegerion,PH_ORG
Actavis Totowa,PH_ORG
HRA,PH_ORG
Graham DM,PH_ORG
Pharmadax,PH_ORG
Genpharm,PH_ORG
Pharmeral,PH_ORG
Roaco,PH_ORG
R & S,PH_ORG
Actavis,PH_ORG
Granules,PH_ORG
Mips,PH_ORG
Salix,PH_ORG
Alcon,PH_ORG
Advance Biofactures,PH_ORG
Digestive,PH_ORG
Lyphomed,PH_ORG
Army,PH_ORG
Serono,PH_ORG
Gen Electric,PH_ORG
OMJ,PH_ORG
Anabolic,PH_ORG
Apgdi,PH_ORG
Udl,PH_ORG
HRA,PH_ORG
Camall,PH_ORG
Purdue,PH_ORG
Northstar,PH_ORG
Amphastar,PH_ORG
Somerset,PH_ORG
Pacira,PH_ORG
Natco,PH_ORG
Baker Norton,PH_ORG
Future Pak,PH_ORG
Lannett,PH_ORG
Sunovion,PH_ORG
Fisons,PH_ORG
Ingen,PH_ORG
Roche,PH_ORG
Iso Tex,PH_ORG
Progenics,PH_ORG
Carlsbad,PH_ORG
Pliva,PH_ORG
Zyd,PH_ORG
Noven,PH_ORG
Duramed,PH_ORG
Amerigen,PH_ORG
Aton,PH_ORG
Sigmapharm,PH_ORG
Halozyme,PH_ORG
Scherer,PH_ORG
Newgen,PH_ORG
Perrigo,PH_ORG
Paco,PH_ORG
Fera,PH_ORG
Key,PH_ORG
Lanthe,PH_ORG
Braintree,PH_ORG
3M,PH_ORG
Monterey,PH_ORG
Tris,PH_ORG
Unimark Remedies,PH_ORG
Meridian,PH_ORG
Acella,PH_ORG
Emcure,PH_ORG
Ohm,PH_ORG
CP,PH_ORG
CMP,PH_ORG
Pamlab,PH_ORG
Johnson And Johnson,PH_ORG
Tetraphase,PH_ORG
Noven,PH_ORG
Adare,PH_ORG
Pharmaderm,PH_ORG
Corepharma,PH_ORG
Ailex,PH_ORG
Hikma,PH_ORG
Pragma,PH_ORG
Neopharma,PH_ORG
CTF,PH_ORG
Cheplapharm,PH_ORG
Pharmachemie,PH_ORG
Orit,PH_ORG
Janssen,PH_ORG
Bi-Coastal,PH_ORG
FDC,PH_ORG
Hoffman-La Roche,PH_ORG
Tcg Fluent,PH_ORG
Concordia,PH_ORG
Syosset,PH_ORG
Corden,PH_ORG
Hitech,PH_ORG
P & L,PH_ORG
Amneal,PH_ORG
Rorer,PH_ORG
Wyeth,PH_ORG
Eurohealth,PH_ORG
Bio-Pharm,PH_ORG
MDGH,PH_ORG
Sanofi Synthelabo,PH_ORG
Blue Earth,PH_ORG
Kala,PH_ORG
Navinta,PH_ORG
Larken,PH_ORG
Sucampo,PH_ORG
Meda,PH_ORG
West Ward,PH_ORG
Armour,PH_ORG
Halocarbon,PH_ORG
Assertio,PH_ORG
CR,PH_ORG
Aptalis,PH_ORG
ACS,PH_ORG
Caraco,PH_ORG
Procter And Gamble,PH_ORG
Eagle,PH_ORG
NCM,PH_ORG
Valeant,PH_ORG
Sunovion,PH_ORG
Pelagi,PH_ORG
Exela,PH_ORG
Pharmalucence,PH_ORG
Muro,PH_ORG
JDS,PH_ORG
Roche,PH_ORG
TherapeuticsMD,PH_ORG
Maia,PH_ORG
Amphastar,PH_ORG
SBPharmco,PH_ORG
Liss,PH_ORG
Cardinal,PH_ORG
Lek,PH_ORG
Shertech,PH_ORG
Collegium,PH_ORG
Akorn,PH_ORG
Cintex,PH_ORG
Adapt,PH_ORG
Valeant,PH_ORG
Intergel,PH_ORG
New River,PH_ORG
Allerquest,PH_ORG
Cspc Ouyi,PH_ORG
Optopics,PH_ORG
Kempharm,PH_ORG
Ro Es Point,PH_ORG
Anacor,PH_ORG
Miles,PH_ORG
Mannkind,PH_ORG
Olta,PH_ORG
Rempex,PH_ORG
Hisamitsu,PH_ORG
Hetero,PH_ORG
Liaoning Chengda,PH_ORG
Javelin,PH_ORG
Mountain,PH_ORG
Franklin,PH_ORG
Vpna,PH_ORG
Skyepharma,PH_ORG
Nitro Oxide,PH_ORG
Stiefel,PH_ORG
Promi,PH_ORG
Neos,PH_ORG
MSD,PH_ORG
Merck,PH_ORG
Teva,PH_ORG
Allegis,PH_ORG
Horizon,PH_ORG
STI,PH_ORG
Crossmedika,PH_ORG
Soapco,PH_ORG
Apil,PH_ORG
Uluru,PH_ORG
Jazz,PH_ORG
Santos,PH_ORG
Edenbridge,PH_ORG
Leiner,PH_ORG
Army Walter Reed,PH_ORG
Taiho Oncology,PH_ORG
Virt,PH_ORG
Egis,PH_ORG
Pohl Boskamp,PH_ORG
Triax,PH_ORG
Exalenz,PH_ORG
Synthon,PH_ORG
Gastroentero,PH_ORG
Allergan Herbert,PH_ORG
Renata,PH_ORG
Braintree,PH_ORG
Romark,PH_ORG
Depomed,PH_ORG
Airgas Merchants Gases,PH_ORG
Kitov ,PH_ORG
Pal Pak,PH_ORG
Prim ,PH_ORG
Sofgen ,PH_ORG
Aveva,PH_ORG
Ferrante,PH_ORG
Praxair,PH_ORG
Colgate,PH_ORG
Ecolab,PH_ORG
Yung Shin,PH_ORG
Clinigen,PH_ORG
Institut Biochimique,PH_ORG
Medimetriks ,PH_ORG
Glaxo,PH_ORG
Metrics,PH_ORG
Aton Vpna,PH_ORG
Bowman ,PH_ORG
Guardian,PH_ORG
Aspen,PH_ORG
Dynapharm,PH_ORG
Dorc,PH_ORG
Royce,PH_ORG
Central Radiopharm,PH_ORG
Medefil,PH_ORG
Amag ,PH_ORG
Methapharm,PH_ORG
Veroscience,PH_ORG
GW,PH_ORG
Carlisle,PH_ORG
Liconsa,PH_ORG
Mirror,PH_ORG
Renaissance,PH_ORG
Cadila,PH_ORG
Acetylene Oxygene,PH_ORG
Hznp,PH_ORG
Genera,PH_ORG
Leading,PH_ORG
Scios,PH_ORG
Osmotica,PH_ORG
Perrigo Finco,PH_ORG
Paddock Labs,PH_ORG
Martec,PH_ORG
Boscogen,PH_ORG
Basf,PH_ORG
Bell,PH_ORG
Atlas,PH_ORG
Hot Shots,PH_ORG
Agios,PH_ORG
Sage,PH_ORG
Cephazone,PH_ORG
Par,PH_ORG
TG UNITED,PH_ORG
Abon,PH_ORG
Kendall,PH_ORG
Recro Gainesville,PH_ORG
Ingram,PH_ORG
Ingen,PH_ORG
IDT,PH_ORG
Tedor,PH_ORG
Organics Lagrange,PH_ORG
Merz,PH_ORG
Ariad,PH_ORG
UCSF,PH_ORG
Polygen,PH_ORG
Norco,PH_ORG
Hamamatsu,PH_ORG
Combe,PH_ORG
Theraps,PH_ORG
Del Ray,PH_ORG
Gilbert,PH_ORG
Dava,PH_ORG
Roerig,PH_ORG
Belmora,PH_ORG
Viv,PH_ORG
Pharmacyclics,PH_ORG
Belcher,PH_ORG
LPI,PH_ORG
McGaw,PH_ORG
Indoco,PH_ORG
Egis,PH_ORG
Silvergate,PH_ORG
Eisai,PH_ORG
Aspen,PH_ORG
Gemini,PH_ORG
MD,PH_ORG
Takeda,PH_ORG
Elan,PH_ORG
Bluefield,PH_ORG
Solartec,PH_ORG
Qualiphar,PH_ORG
Eurogenerics,PH_ORG
Omega,PH_ORG
Heel,PH_ORG
Pi - Pharma,PH_ORG
Aguettant,PH_ORG
Aspen,PH_ORG
Bailleul,PH_ORG
Molnlycke,PH_ORG
Mylan,PH_ORG
Thea,PH_ORG
Dr. Falk,PH_ORG
Bomedys,PH_ORG
CSP Benelux,PH_ORG
Leo,PH_ORG
Smb,PH_ORG
Impexeco,PH_ORG
Therabel,PH_ORG
J & J,PH_ORG
Accord,PH_ORG
Novum,PH_ORG
Amophar,PH_ORG
Sterop,PH_ORG
Viiv,PH_ORG
Alk,PH_ORG
Medicines  ,PH_ORG
Bailleul - Biorga,PH_ORG
Tilman,PH_ORG
Vemedia,PH_ORG
Vsm,PH_ORG
Mithra,PH_ORG
Urgo,PH_ORG
Pharmacobel,PH_ORG
Sigma - Tau,PH_ORG
Medgenix,PH_ORG
Medeco,PH_ORG
Lamepro,PH_ORG
Bepharbel,PH_ORG
Trenker,PH_ORG
Hartmann,PH_ORG
Labolife,PH_ORG
Widmer,PH_ORG
Hospithera,PH_ORG
Mercury,PH_ORG
Kela,PH_ORG
Nuron,PH_ORG
Continental,PH_ORG
Denta,PH_ORG
Lagepha,PH_ORG
C.A.F. - D.C.F,PH_ORG
Neocare,PH_ORG
Prostrakan,PH_ORG
Movianto,PH_ORG
Merck,PH_ORG
Alkopharm,PH_ORG
ABC,PH_ORG
Reskin,PH_ORG
Eutherapie,PH_ORG
Tramedico,PH_ORG
Lohmann,PH_ORG
Ojg,PH_ORG
Acraf,PH_ORG
Aptalis,PH_ORG
Viropharma,PH_ORG
Infarama,PH_ORG
Lambo,PH_ORG
Medtronic,PH_ORG
Eumedica,PH_ORG
Conforma,PH_ORG
I.D. Phar,PH_ORG
Flen,PH_ORG
Tmc,PH_ORG
Ursapharm,PH_ORG
Lca,PH_ORG
Vertex,PH_ORG
Pierre Fabre,PH_ORG
Arkopharma,PH_ORG
Pharmethic,PH_ORG
Biohorma,PH_ORG
Sanico,PH_ORG
Aop,PH_ORG
Nootens,PH_ORG
Limacom,PH_ORG
Pannoc ,PH_ORG
Vesale,PH_ORG
Purna,PH_ORG
Finox,PH_ORG
Contrel,PH_ORG
Clintec,PH_ORG
Bluecies,PH_ORG
Varvarnavas,PH_ORG
Pharmabide,PH_ORG
Orphelia,PH_ORG
Rad Neurim ,PH_ORG
Baxter,PH_ORG
Kite,PH_ORG
Vivanta,PH_ORG
Lyomark,PH_ORG
Belpharma,PH_ORG
Absolute,PH_ORG
Absolut,PH_ORG
Audi,PH_ORG
Zhejiang Huahai,PH_ORG